Category,Sub Category,Title,Description,Quantity,Type,Price,Shipping Profile,Offerable,Hazmat,Condition,Cost Per Item,SKU,Image URL 1
Disneyana,Disney Pins,Antman Wasp Quantumania World Premiere Global Security PLEASE RELY ON THE PHOTO,"Please rely on the photo, rather than the description. Antman and the Wasp Quantumania IMG 1-01",1,Buy it Now,100,0-1 Oz,FALSE,Not Hazmat,Used,,Board_1_Pin_1,https://finsandpins.github.io/ClickToClaim/TitleWordReview/PriceCollection_20260825_1328/crops/img1_pin01.jpg
Disneyana,Disney Pins,Darkwing Duck WDI MOG Adorbs LE PLEASE RELY ON THE PHOTO,"Please rely on the photo, rather than the description. WDI, MOG, Walt Disney Imagineering, Mickey's of Glendale. Darkwing Duck Limited Edition IMG 1-02",1,Buy it Now,150,0-1 Oz,FALSE,Not Hazmat,Used,,Board_1_Pin_2,https://finsandpins.github.io/ClickToClaim/TitleWordReview/PriceCollection_20260825_1328/crops/img1_pin02.jpg
Disneyana,Disney Pins,Robin Hood & Little John Archery Disguises WDI Adorbs LE PLEASE RELY ON THE PHOTO,"Please rely on the photo, rather than the description. WDI, MOG, Walt Disney Imagineering, Mickey's of Glendale. Robin Hood Limited Edition IMG 1-03",1,Buy it Now,160,0-1 Oz,FALSE,Not Hazmat,Used,,Board_1_Pin_3,https://finsandpins.github.io/ClickToClaim/TitleWordReview/PriceCollection_20260825_1328/crops/img1_pin03.jpg
Disneyana,Disney Pins,Sheriff Nottingham Adorbs WDI MOG LE PLEASE RELY ON THE PHOTO,"Please rely on the photo, rather than the description. WDI, MOG, Walt Disney Imagineering, Mickey's of Glendale. Robin Hood Limited Edition IMG 1-05",1,Buy it Now,100,0-1 Oz,FALSE,Not Hazmat,Used,,Board_1_Pin_5,https://finsandpins.github.io/ClickToClaim/TitleWordReview/PriceCollection_20260825_1328/crops/img1_pin05.jpg
Disneyana,Disney Pins,Laverne WDI MOG Adorbs LE PLEASE RELY ON THE PHOTO,"Please rely on the photo, rather than the description. WDI, MOG, Walt Disney Imagineering, Mickey's of Glendale. Hunchback of Notre Dame Limited Edition IMG 1-06",1,Buy it Now,110,0-1 Oz,FALSE,Not Hazmat,Used,,Board_1_Pin_6,https://finsandpins.github.io/ClickToClaim/TitleWordReview/PriceCollection_20260825_1328/crops/img1_pin06.jpg
Disneyana,Disney Pins,Joshua Sweet WDI Adorbs LE PLEASE RELY ON THE PHOTO,"Please rely on the photo, rather than the description. WDI, MOG, Walt Disney Imagineering, Mickey's of Glendale. Atlantis Limited Edition IMG 1-07",1,Buy it Now,55,0-1 Oz,FALSE,Not Hazmat,Used,,Board_1_Pin_7,https://finsandpins.github.io/ClickToClaim/TitleWordReview/PriceCollection_20260825_1328/crops/img1_pin07.jpg
Disneyana,Disney Pins,Cubbi WDI Adorbs LE PLEASE RELY ON THE PHOTO,"Please rely on the photo, rather than the description. WDI, MOG, Walt Disney Imagineering, Mickey's of Glendale. Adventures of Gummi Bears Limited Edition IMG 1-08",1,Buy it Now,100,0-1 Oz,FALSE,Not Hazmat,Used,,Board_1_Pin_8,https://finsandpins.github.io/ClickToClaim/TitleWordReview/PriceCollection_20260825_1328/crops/img1_pin08.jpg
Disneyana,Disney Pins,Sunni WDI Adorbs LE PLEASE RELY ON THE PHOTO,"Please rely on the photo, rather than the description. WDI, MOG, Walt Disney Imagineering, Mickey's of Glendale. Adventures of Gummi Bears Limited Edition IMG 1-09",1,Buy it Now,70,0-1 Oz,FALSE,Not Hazmat,Used,,Board_1_Pin_9,https://finsandpins.github.io/ClickToClaim/TitleWordReview/PriceCollection_20260825_1328/crops/img1_pin09.jpg
Disneyana,Disney Pins,King Gregor WDI Adorbs LE PLEASE RELY ON THE PHOTO,"Please rely on the photo, rather than the description. WDI, MOG, Walt Disney Imagineering, Mickey's of Glendale. Adventures of Gummi Bears Limited Edition IMG 1-10",1,Buy it Now,105,0-1 Oz,FALSE,Not Hazmat,Used,,Board_1_Pin_10,https://finsandpins.github.io/ClickToClaim/TitleWordReview/PriceCollection_20260825_1328/crops/img1_pin10.jpg
Disneyana,Disney Pins,Esmeralda MOG WDI Adorbs LE PLEASE RELY ON THE PHOTO,"Please rely on the photo, rather than the description. WDI, MOG, Walt Disney Imagineering, Mickey's of Glendale. Hunchback of Notre Dame Limited Edition IMG 1-11",1,Buy it Now,180,0-1 Oz,FALSE,Not Hazmat,Used,,Board_1_Pin_11,https://finsandpins.github.io/ClickToClaim/TitleWordReview/PriceCollection_20260825_1328/crops/img1_pin11.jpg
Disneyana,Disney Pins,Princess Calla WDI Adorbs LE PLEASE RELY ON THE PHOTO,"Please rely on the photo, rather than the description. WDI, MOG, Walt Disney Imagineering, Mickey's of Glendale. Adventures of Gummi Bears Limited Edition IMG 1-12",1,Buy it Now,45,0-1 Oz,FALSE,Not Hazmat,Used,,Board_1_Pin_12,https://finsandpins.github.io/ClickToClaim/TitleWordReview/PriceCollection_20260825_1328/crops/img1_pin12.jpg
Disneyana,Disney Pins,Frollo WDI MOG Adorbs LE PLEASE RELY ON THE PHOTO,"Please rely on the photo, rather than the description. WDI, MOG, Walt Disney Imagineering, Mickey's of Glendale. Hunchback of Notre Dame Limited Edition IMG 1-13",1,Buy it Now,130,0-1 Oz,FALSE,Not Hazmat,Used,,Board_1_Pin_13,https://finsandpins.github.io/ClickToClaim/TitleWordReview/PriceCollection_20260825_1328/crops/img1_pin13.jpg
Disneyana,Disney Pins,Francois WDI Adorbs LE PLEASE RELY ON THE PHOTO,"Please rely on the photo, rather than the description. WDI, MOG, Walt Disney Imagineering, Mickey's of Glendale. Rescuers Down Under Limited Edition IMG 1-14",1,Buy it Now,80,0-1 Oz,FALSE,Not Hazmat,Used,,Board_1_Pin_14,https://finsandpins.github.io/ClickToClaim/TitleWordReview/PriceCollection_20260825_1328/crops/img1_pin14.jpg
Disneyana,Disney Pins,Zummi WDI Adorbs LE PLEASE RELY ON THE PHOTO,"Please rely on the photo, rather than the description. WDI, MOG, Walt Disney Imagineering, Mickey's of Glendale. Adventures of Gummi Bears Limited Edition IMG 1-15",1,Buy it Now,75,0-1 Oz,FALSE,Not Hazmat,Used,,Board_1_Pin_15,https://finsandpins.github.io/ClickToClaim/TitleWordReview/PriceCollection_20260825_1328/crops/img1_pin15.jpg
Disneyana,Disney Pins,Cody WDI MOG Adorbs LE PLEASE RELY ON THE PHOTO,"Please rely on the photo, rather than the description. WDI, MOG, Walt Disney Imagineering, Mickey's of Glendale. Rescuers Down Under Limited Edition IMG 1-16",1,Buy it Now,50,0-1 Oz,FALSE,Not Hazmat,Used,,Board_1_Pin_16,https://finsandpins.github.io/ClickToClaim/TitleWordReview/PriceCollection_20260825_1328/crops/img1_pin16.jpg
Disneyana,Disney Pins,Percival C McLeach WDI MOG Adorbs PLEASE RELY ON THE PHOTO,"Please rely on the photo, rather than the description. WDI, MOG, Walt Disney Imagineering, Mickey's of Glendale. The Rescuers Down Under IMG 1-17",1,Buy it Now,60,0-1 Oz,FALSE,Not Hazmat,Used,,Board_1_Pin_17,https://finsandpins.github.io/ClickToClaim/TitleWordReview/PriceCollection_20260825_1328/crops/img1_pin17.jpg
Disneyana,Disney Pins,Faloo Kangaroo WDI MOG Adorbs LE PLEASE RELY ON THE PHOTO,"Please rely on the photo, rather than the description. WDI, MOG, Walt Disney Imagineering, Mickey's of Glendale. Rescuers Down Under Limited Edition IMG 1-18",1,Buy it Now,105,0-1 Oz,FALSE,Not Hazmat,Used,,Board_1_Pin_18,https://finsandpins.github.io/ClickToClaim/TitleWordReview/PriceCollection_20260825_1328/crops/img1_pin18.jpg
Disneyana,Disney Pins,Tummi WDI Adorbs LE PLEASE RELY ON THE PHOTO,"Please rely on the photo, rather than the description. WDI, MOG, Walt Disney Imagineering, Mickey's of Glendale. Adventures of Gummi Bears Limited Edition IMG 1-19",1,Buy it Now,45,0-1 Oz,FALSE,Not Hazmat,Used,,Board_1_Pin_19,https://finsandpins.github.io/ClickToClaim/TitleWordReview/PriceCollection_20260825_1328/crops/img1_pin19.jpg
Disneyana,Disney Pins,Old Man Bayou WDI Adorbs LE PLEASE RELY ON THE PHOTO,"Please rely on the photo, rather than the description. WDI, MOG, Walt Disney Imagineering, Mickey's of Glendale. Pirates of the Caribbean Limited Edition IMG 1-20",1,Buy it Now,45,0-1 Oz,FALSE,Not Hazmat,Used,,Board_1_Pin_20,https://finsandpins.github.io/ClickToClaim/TitleWordReview/PriceCollection_20260825_1328/crops/img1_pin20.jpg
Disneyana,Disney Pins,Duke Igthorn WDI MOG Adorbs LE PLEASE RELY ON THE PHOTO,"Please rely on the photo, rather than the description. WDI, MOG, Walt Disney Imagineering, Mickey's of Glendale. Adventures of the Gummi Bears Limited Edition IMG 1-21",1,Buy it Now,90,0-1 Oz,FALSE,Not Hazmat,Used,,Board_1_Pin_21,https://finsandpins.github.io/ClickToClaim/TitleWordReview/PriceCollection_20260825_1328/crops/img1_pin21.jpg
Disneyana,Disney Pins,Ciccio WDI MOG Adorbs LE PLEASE RELY ON THE PHOTO,"Please rely on the photo, rather than the description. WDI, MOG, Walt Disney Imagineering, Mickey's of Glendale. Luca Limited Edition IMG 1-23",1,Buy it Now,50,0-1 Oz,FALSE,Not Hazmat,Used,,Board_1_Pin_23,https://finsandpins.github.io/ClickToClaim/TitleWordReview/PriceCollection_20260825_1328/crops/img1_pin23.jpg
Disneyana,Disney Pins,Guido WDI MOG Adorbs LE PLEASE RELY ON THE PHOTO,"Please rely on the photo, rather than the description. WDI, MOG, Walt Disney Imagineering, Mickey's of Glendale. Luca Limited Edition IMG 1-24",1,Buy it Now,65,0-1 Oz,FALSE,Not Hazmat,Used,,Board_1_Pin_24,https://finsandpins.github.io/ClickToClaim/TitleWordReview/PriceCollection_20260825_1328/crops/img1_pin24.jpg
Disneyana,Disney Pins,Little Mermaid World Premiere Global Security PLEASE RELY ON THE PHOTO,"Please rely on the photo, rather than the description. The Little Mermaid IMG 1-25",1,Buy it Now,110,0-1 Oz,FALSE,Not Hazmat,Used,,Board_1_Pin_25,https://finsandpins.github.io/ClickToClaim/TitleWordReview/PriceCollection_20260825_1328/crops/img1_pin25.jpg
Disneyana,Disney Pins,Pinocchio Lampwick Cast WDI Silhouette Jumbo LE PLEASE RELY ON THE PHOTO,"Please rely on the photo, rather than the description. WDI, MOG, Walt Disney Imagineering, Mickey's of Glendale. Pinocchio Limited Edition IMG 1-26",1,Buy it Now,85,0-1 Oz,FALSE,Not Hazmat,Used,,Board_1_Pin_26,https://finsandpins.github.io/ClickToClaim/TitleWordReview/PriceCollection_20260825_1328/crops/img1_pin26.jpg
Disneyana,Disney Pins,WDI MOG Jumbo Disney Afternoon Adventure of the Gummi Bears PLEASE RELY ON THE PHOTO,"Please rely on the photo, rather than the description. WDI, MOG, Walt Disney Imagineering, Mickey's of Glendale. The Adventure of the Gummi Bears IMG 1-27",1,Buy it Now,125,0-1 Oz,FALSE,Not Hazmat,Used,,Board_1_Pin_27,https://finsandpins.github.io/ClickToClaim/TitleWordReview/PriceCollection_20260825_1328/crops/img1_pin27.jpg
Disneyana,Disney Pins,Giulia Stained Glass WDI MOG LE PLEASE RELY ON THE PHOTO,"Please rely on the photo, rather than the description. WDI, MOG, Walt Disney Imagineering, Mickey's of Glendale. Luca Limited Edition IMG 2-01",1,Buy it Now,110,0-1 Oz,FALSE,Not Hazmat,Used,,Board_2_Pin_1,https://finsandpins.github.io/ClickToClaim/TitleWordReview/PriceCollection_20260825_1328/crops/img2_pin01.jpg
Disneyana,Disney Pins,Alberto Human Sea Monster Water WDI MOG LE PLEASE RELY ON THE PHOTO,"Please rely on the photo, rather than the description. WDI, MOG, Walt Disney Imagineering, Mickey's of Glendale. Limited Edition IMG 2-02",1,Buy it Now,160,0-1 Oz,FALSE,Not Hazmat,Used,,Board_2_Pin_2,https://finsandpins.github.io/ClickToClaim/TitleWordReview/PriceCollection_20260825_1328/crops/img2_pin02.jpg
Disneyana,Disney Pins,Attina King Triton Daughters Map Ariel WDI MOG LE PLEASE RELY ON THE PHOTO,"Please rely on the photo, rather than the description. WDI, MOG, Walt Disney Imagineering, Mickey's of Glendale. Limited Edition IMG 2-03",1,Buy it Now,95,0-1 Oz,FALSE,Not Hazmat,Used,,Board_2_Pin_3,https://finsandpins.github.io/ClickToClaim/TitleWordReview/PriceCollection_20260825_1328/crops/img2_pin03.jpg
Disneyana,Disney Pins,Luca Human Sea Monster Water WDI MOG LE PLEASE RELY ON THE PHOTO,"Please rely on the photo, rather than the description. WDI, MOG, Walt Disney Imagineering, Mickey's of Glendale. Luca Limited Edition IMG 2-04",1,Buy it Now,130,0-1 Oz,FALSE,Not Hazmat,Used,,Board_2_Pin_4,https://finsandpins.github.io/ClickToClaim/TitleWordReview/PriceCollection_20260825_1328/crops/img2_pin04.jpg
Disneyana,Disney Pins,Wasabi DSSH Cuties PLEASE RELY ON THE PHOTO,"Please rely on the photo, rather than the description. DSSH, DSF, Disney Studio Store Hollywood, Disney Soda Fountain. IMG 2-05",1,Buy it Now,75,0-1 Oz,FALSE,Not Hazmat,Used,,Board_2_Pin_5,https://finsandpins.github.io/ClickToClaim/TitleWordReview/PriceCollection_20260825_1328/crops/img2_pin05.jpg
Disneyana,Disney Pins,Expo Best Show Tramp D23 WDI MOG LE PLEASE RELY ON THE PHOTO,"Please rely on the photo, rather than the description. WDI, MOG, Walt Disney Imagineering, Mickey's of Glendale. D23 Lady and the Tramp Limited Edition IMG 2-06",1,Buy it Now,150,0-1 Oz,FALSE,Not Hazmat,Used,,Board_2_Pin_6,https://finsandpins.github.io/ClickToClaim/TitleWordReview/PriceCollection_20260825_1328/crops/img2_pin06.jpg
Disneyana,Disney Pins,Pink Dress Aurora DSF DSSH Cutie LE PLEASE RELY ON THE PHOTO,"Please rely on the photo, rather than the description. DSSH, DSF, Disney Studio Store Hollywood, Disney Soda Fountain. Disney Studio Store Sleeping Beauty Limited Edition IMG 2-07",1,Buy it Now,400,0-1 Oz,FALSE,Not Hazmat,Used,,Board_2_Pin_7,https://finsandpins.github.io/ClickToClaim/TitleWordReview/PriceCollection_20260825_1328/crops/img2_pin07.jpg
Disneyana,Disney Pins,Aladdin Street WDI MOG Adorbs LE PLEASE RELY ON THE PHOTO,"Please rely on the photo, rather than the description. WDI, MOG, Walt Disney Imagineering, Mickey's of Glendale. Aladdin Limited Edition IMG 3-01",1,Buy it Now,170,0-1 Oz,FALSE,Not Hazmat,Used,,Board_3_Pin_1,https://finsandpins.github.io/ClickToClaim/TitleWordReview/PriceCollection_20260825_1328/crops/img3_pin01.jpg
Disneyana,Disney Pins,Jasmine Street WDI MOG Adorbs LE PLEASE RELY ON THE PHOTO,"Please rely on the photo, rather than the description. WDI, MOG, Walt Disney Imagineering, Mickey's of Glendale. Aladdin Limited Edition IMG 3-02",1,Buy it Now,250,0-1 Oz,FALSE,Not Hazmat,Used,,Board_3_Pin_2,https://finsandpins.github.io/ClickToClaim/TitleWordReview/PriceCollection_20260825_1328/crops/img3_pin02.jpg
Disneyana,Disney Pins,Genie WDI Adorbs LE PLEASE RELY ON THE PHOTO,"Please rely on the photo, rather than the description. WDI, MOG, Walt Disney Imagineering, Mickey's of Glendale. Aladdin Limited Edition IMG 3-03",1,Buy it Now,235,0-1 Oz,FALSE,Not Hazmat,Used,,Board_3_Pin_3,https://finsandpins.github.io/ClickToClaim/TitleWordReview/PriceCollection_20260825_1328/crops/img3_pin03.jpg
Disneyana,Disney Pins,Iago WDI Adorbs LE PLEASE RELY ON THE PHOTO,"Please rely on the photo, rather than the description. WDI, MOG, Walt Disney Imagineering, Mickey's of Glendale. Aladdin Limited Edition IMG 3-04",1,Buy it Now,100,0-1 Oz,FALSE,Not Hazmat,Used,,Board_3_Pin_4,https://finsandpins.github.io/ClickToClaim/TitleWordReview/PriceCollection_20260825_1328/crops/img3_pin04.jpg
Disneyana,Disney Pins,Jafar WDI Adorbs LE PLEASE RELY ON THE PHOTO,"Please rely on the photo, rather than the description. WDI, MOG, Walt Disney Imagineering, Mickey's of Glendale. Aladdin Limited Edition IMG 3-05",1,Buy it Now,200,0-1 Oz,FALSE,Not Hazmat,Used,,Board_3_Pin_5,https://finsandpins.github.io/ClickToClaim/TitleWordReview/PriceCollection_20260825_1328/crops/img3_pin05.jpg
Disneyana,Disney Pins,Rajah Tiger MOG WDI Adorbs LE PLEASE RELY ON THE PHOTO,"Please rely on the photo, rather than the description. WDI, MOG, Walt Disney Imagineering, Mickey's of Glendale. Aladdin Limited Edition IMG 3-06",1,Buy it Now,250,0-1 Oz,FALSE,Not Hazmat,Used,,Board_3_Pin_6,https://finsandpins.github.io/ClickToClaim/TitleWordReview/PriceCollection_20260825_1328/crops/img3_pin06.jpg
Disneyana,Disney Pins,magic carpet WDI Adorbs LE PLEASE RELY ON THE PHOTO,"Please rely on the photo, rather than the description. WDI, MOG, Walt Disney Imagineering, Mickey's of Glendale. Aladdin Limited Edition IMG 3-07",1,Buy it Now,105,0-1 Oz,FALSE,Not Hazmat,Used,,Board_3_Pin_7,https://finsandpins.github.io/ClickToClaim/TitleWordReview/PriceCollection_20260825_1328/crops/img3_pin07.jpg
Disneyana,Disney Pins,red Jafar Genie WDI Adorbs LE PLEASE RELY ON THE PHOTO,"Please rely on the photo, rather than the description. WDI, MOG, Walt Disney Imagineering, Mickey's of Glendale. Aladdin Limited Edition IMG 3-08",1,Buy it Now,1000,0-1 Oz,FALSE,Not Hazmat,Used,,Board_3_Pin_8,https://finsandpins.github.io/ClickToClaim/TitleWordReview/PriceCollection_20260825_1328/crops/img3_pin08.jpg
Disneyana,Disney Pins,Vacation Genie WDI MOG Adorbs LE PLEASE RELY ON THE PHOTO,"Please rely on the photo, rather than the description. WDI, MOG, Walt Disney Imagineering, Mickey's of Glendale. Aladdin Limited Edition IMG 3-09",1,Buy it Now,700,0-1 Oz,FALSE,Not Hazmat,Used,,Board_3_Pin_9,https://finsandpins.github.io/ClickToClaim/TitleWordReview/PriceCollection_20260825_1328/crops/img3_pin09.jpg
Disneyana,Disney Pins,Aladdin WDI Adorbs LE PLEASE RELY ON THE PHOTO,"Please rely on the photo, rather than the description. WDI, MOG, Walt Disney Imagineering, Mickey's of Glendale. Aladdin Limited Edition IMG 3-10",1,Buy it Now,110,0-1 Oz,FALSE,Not Hazmat,Used,,Board_3_Pin_10,https://finsandpins.github.io/ClickToClaim/TitleWordReview/PriceCollection_20260825_1328/crops/img3_pin10.jpg
Disneyana,Disney Pins,Jafar Snake WDI Adorbs LE PLEASE RELY ON THE PHOTO,"Please rely on the photo, rather than the description. WDI, MOG, Walt Disney Imagineering, Mickey's of Glendale. Aladdin Limited Edition IMG 3-11",1,Buy it Now,1150,0-1 Oz,FALSE,Not Hazmat,Used,,Board_3_Pin_11,https://finsandpins.github.io/ClickToClaim/TitleWordReview/PriceCollection_20260825_1328/crops/img3_pin11.jpg
Disneyana,Disney Pins,Jasmine Blue Dress WDI Adorbs LE PLEASE RELY ON THE PHOTO,"Please rely on the photo, rather than the description. WDI, MOG, Walt Disney Imagineering, Mickey's of Glendale. Aladdin Limited Edition IMG 3-12",1,Buy it Now,850,0-1 Oz,FALSE,Not Hazmat,Used,,Board_3_Pin_12,https://finsandpins.github.io/ClickToClaim/TitleWordReview/PriceCollection_20260825_1328/crops/img3_pin12.jpg
Disneyana,Disney Pins,Elephant Abu WDI MOG Adorbs LE PLEASE RELY ON THE PHOTO,"Please rely on the photo, rather than the description. WDI, MOG, Walt Disney Imagineering, Mickey's of Glendale. Aladdin Limited Edition IMG 3-13",1,Buy it Now,130,0-1 Oz,FALSE,Not Hazmat,Used,,Board_3_Pin_13,https://finsandpins.github.io/ClickToClaim/TitleWordReview/PriceCollection_20260825_1328/crops/img3_pin13.jpg
Disneyana,Disney Pins,Tummi WDI Adorbs LE PLEASE RELY ON THE PHOTO,"Please rely on the photo, rather than the description. WDI, MOG, Walt Disney Imagineering, Mickey's of Glendale. Adventures of Gummi Bears Limited Edition IMG 3-14",1,Buy it Now,45,0-1 Oz,FALSE,Not Hazmat,Used,,Board_3_Pin_14,https://finsandpins.github.io/ClickToClaim/TitleWordReview/PriceCollection_20260825_1328/crops/img3_pin14.jpg
Disneyana,Disney Pins,Djali WDI Adorbs PLEASE RELY ON THE PHOTO,"Please rely on the photo, rather than the description. WDI, MOG, Walt Disney Imagineering, Mickey's of Glendale. Hunchback of Notre Dame IMG 3-15",1,Buy it Now,125,0-1 Oz,FALSE,Not Hazmat,Used,,Board_3_Pin_15,https://finsandpins.github.io/ClickToClaim/TitleWordReview/PriceCollection_20260825_1328/crops/img3_pin15.jpg
Disneyana,Disney Pins,Tummi WDI Adorbs LE PLEASE RELY ON THE PHOTO,"Please rely on the photo, rather than the description. WDI, MOG, Walt Disney Imagineering, Mickey's of Glendale. Adventures of Gummi Bears Limited Edition IMG 3-16",1,Buy it Now,45,0-1 Oz,FALSE,Not Hazmat,Used,,Board_3_Pin_16,https://finsandpins.github.io/ClickToClaim/TitleWordReview/PriceCollection_20260825_1328/crops/img3_pin16.jpg
Disneyana,Disney Pins,Ogre Gad Bears WDI MOG Adorbs LE PLEASE RELY ON THE PHOTO,"Please rely on the photo, rather than the description. WDI, MOG, Walt Disney Imagineering, Mickey's of Glendale. Limited Edition IMG 3-17",1,Buy it Now,220,0-1 Oz,FALSE,Not Hazmat,Used,,Board_3_Pin_17,https://finsandpins.github.io/ClickToClaim/TitleWordReview/PriceCollection_20260825_1328/crops/img3_pin17.jpg
Disneyana,Disney Pins,Wilbur WDI Adorbs LE PLEASE RELY ON THE PHOTO,"Please rely on the photo, rather than the description. WDI, MOG, Walt Disney Imagineering, Mickey's of Glendale. Rescuers Down Under Limited Edition IMG 3-18",1,Buy it Now,65,0-1 Oz,FALSE,Not Hazmat,Used,,Board_3_Pin_18,https://finsandpins.github.io/ClickToClaim/TitleWordReview/PriceCollection_20260825_1328/crops/img3_pin18.jpg
Disneyana,Disney Pins,Red Princess Jasmine WDI Adorbs LE PLEASE RELY ON THE PHOTO,"Please rely on the photo, rather than the description. WDI, MOG, Walt Disney Imagineering, Mickey's of Glendale. Aladdin Limited Edition IMG 3-19",1,Buy it Now,1000,0-1 Oz,FALSE,Not Hazmat,Used,,Board_3_Pin_19,https://finsandpins.github.io/ClickToClaim/TitleWordReview/PriceCollection_20260825_1328/crops/img3_pin19.jpg
Disneyana,Disney Pins,Rabbit WDI MOG Adorbs LE PLEASE RELY ON THE PHOTO,"Please rely on the photo, rather than the description. WDI, MOG, Walt Disney Imagineering, Mickey's of Glendale. Winnie the Pooh Limited Edition IMG 3-20",1,Buy it Now,300,0-1 Oz,FALSE,Not Hazmat,Used,,Board_3_Pin_20,https://finsandpins.github.io/ClickToClaim/TitleWordReview/PriceCollection_20260825_1328/crops/img3_pin20.jpg
Disneyana,Disney Pins,Prospector Pete WDI Adorbs PLEASE RELY ON THE PHOTO,"Please rely on the photo, rather than the description. WDI, MOG, Walt Disney Imagineering, Mickey's of Glendale. Toy Story IMG 3-21",1,Buy it Now,125,0-1 Oz,FALSE,Not Hazmat,Used,,Board_3_Pin_21,https://finsandpins.github.io/ClickToClaim/TitleWordReview/PriceCollection_20260825_1328/crops/img3_pin21.jpg
Disneyana,Disney Pins,Tummi WDI Adorbs LE PLEASE RELY ON THE PHOTO,"Please rely on the photo, rather than the description. WDI, MOG, Walt Disney Imagineering, Mickey's of Glendale. Adventures of Gummi Bears Limited Edition IMG 3-22",1,Buy it Now,45,0-1 Oz,FALSE,Not Hazmat,Used,,Board_3_Pin_22,https://finsandpins.github.io/ClickToClaim/TitleWordReview/PriceCollection_20260825_1328/crops/img3_pin22.jpg
Disneyana,Disney Pins,Quasimodo WDI MOG Adorbs LE PLEASE RELY ON THE PHOTO,"Please rely on the photo, rather than the description. WDI, MOG, Walt Disney Imagineering, Mickey's of Glendale. Hunchback of Notre Dame Limited Edition IMG 3-23",1,Buy it Now,120,0-1 Oz,FALSE,Not Hazmat,Used,,Board_3_Pin_23,https://finsandpins.github.io/ClickToClaim/TitleWordReview/PriceCollection_20260825_1328/crops/img3_pin23.jpg
Disneyana,Disney Pins,Archdeacon WDI MOG Adorbs LE PLEASE RELY ON THE PHOTO,"Please rely on the photo, rather than the description. WDI, MOG, Walt Disney Imagineering, Mickey's of Glendale. Hunchback of Notre Dame Limited Edition IMG 3-24",1,Buy it Now,65,0-1 Oz,FALSE,Not Hazmat,Used,,Board_3_Pin_24,https://finsandpins.github.io/ClickToClaim/TitleWordReview/PriceCollection_20260825_1328/crops/img3_pin24.jpg
Disneyana,Disney Pins,Clopin WDI Adorbs LE PLEASE RELY ON THE PHOTO,"Please rely on the photo, rather than the description. WDI, MOG, Walt Disney Imagineering, Mickey's of Glendale. Limited Edition IMG 3-25",1,Buy it Now,75,0-1 Oz,FALSE,Not Hazmat,Used,,Board_3_Pin_25,https://finsandpins.github.io/ClickToClaim/TitleWordReview/PriceCollection_20260825_1328/crops/img3_pin25.jpg
Disneyana,Disney Pins,Clopin WDI Adorbs LE PLEASE RELY ON THE PHOTO,"Please rely on the photo, rather than the description. WDI, MOG, Walt Disney Imagineering, Mickey's of Glendale. Limited Edition IMG 3-26",1,Buy it Now,75,0-1 Oz,FALSE,Not Hazmat,Used,,Board_3_Pin_26,https://finsandpins.github.io/ClickToClaim/TitleWordReview/PriceCollection_20260825_1328/crops/img3_pin26.jpg
Disneyana,Disney Pins,Victor LE WDI Adorbs PLEASE RELY ON THE PHOTO,"Please rely on the photo, rather than the description. WDI, MOG, Walt Disney Imagineering, Mickey's of Glendale. Hunchback of Notre Dame Limited Edition IMG 3-27",1,Buy it Now,160,0-1 Oz,FALSE,Not Hazmat,Used,,Board_3_Pin_27,https://finsandpins.github.io/ClickToClaim/TitleWordReview/PriceCollection_20260825_1328/crops/img3_pin27.jpg
Disneyana,Disney Pins,Gruffi WDI Adorbs LE PLEASE RELY ON THE PHOTO,"Please rely on the photo, rather than the description. WDI, MOG, Walt Disney Imagineering, Mickey's of Glendale. Adventures of Gummi Bears Limited Edition IMG 3-28",1,Buy it Now,50,0-1 Oz,FALSE,Not Hazmat,Used,,Board_3_Pin_28,https://finsandpins.github.io/ClickToClaim/TitleWordReview/PriceCollection_20260825_1328/crops/img3_pin28.jpg
Disneyana,Disney Pins,Krebbs WDI Adorbs LE PLEASE RELY ON THE PHOTO,"Please rely on the photo, rather than the description. WDI, MOG, Walt Disney Imagineering, Mickey's of Glendale. Rescuers Down Under Limited Edition IMG 3-29",1,Buy it Now,80,0-1 Oz,FALSE,Not Hazmat,Used,,Board_3_Pin_29,https://finsandpins.github.io/ClickToClaim/TitleWordReview/PriceCollection_20260825_1328/crops/img3_pin29.jpg
Disneyana,Disney Pins,Kronk LE WDI Adorbs PLEASE RELY ON THE PHOTO,"Please rely on the photo, rather than the description. WDI, MOG, Walt Disney Imagineering, Mickey's of Glendale. Limited Edition IMG 3-30",1,Buy it Now,350,0-1 Oz,FALSE,Not Hazmat,Used,,Board_3_Pin_30,https://finsandpins.github.io/ClickToClaim/TitleWordReview/PriceCollection_20260825_1328/crops/img3_pin30.jpg
Disneyana,Disney Pins,Pirate Pig WDI Adorbs LE PLEASE RELY ON THE PHOTO,"Please rely on the photo, rather than the description. WDI, MOG, Walt Disney Imagineering, Mickey's of Glendale. Pirates of the Caribbean Limited Edition IMG 3-31",1,Buy it Now,90,0-1 Oz,FALSE,Not Hazmat,Used,,Board_3_Pin_31,https://finsandpins.github.io/ClickToClaim/TitleWordReview/PriceCollection_20260825_1328/crops/img3_pin31.jpg
Disneyana,Disney Pins,Drake Mallard WDI MOG Adorbs LE PLEASE RELY ON THE PHOTO,"Please rely on the photo, rather than the description. WDI, MOG, Walt Disney Imagineering, Mickey's of Glendale. Darkwing Duck Limited Edition IMG 3-32",1,Buy it Now,250,0-1 Oz,FALSE,Not Hazmat,Used,,Board_3_Pin_32,https://finsandpins.github.io/ClickToClaim/TitleWordReview/PriceCollection_20260825_1328/crops/img3_pin32.jpg
Disneyana,Disney Pins,Animal Muppets Electric Mayhem WDI MOG Adorbs LE PLEASE RELY ON THE PHOTO,"Please rely on the photo, rather than the description. WDI, MOG, Walt Disney Imagineering, Mickey's of Glendale. Muppets Limited Edition IMG 3-33",1,Buy it Now,265,0-1 Oz,FALSE,Not Hazmat,Used,,Board_3_Pin_33,https://finsandpins.github.io/ClickToClaim/TitleWordReview/PriceCollection_20260825_1328/crops/img3_pin33.jpg
Disneyana,Disney Pins,Frank lizard WDI Adorbs LE PLEASE RELY ON THE PHOTO,"Please rely on the photo, rather than the description. WDI, MOG, Walt Disney Imagineering, Mickey's of Glendale. Rescuers Down Under Limited Edition IMG 3-34",1,Buy it Now,150,0-1 Oz,FALSE,Not Hazmat,Used,,Board_3_Pin_34,https://finsandpins.github.io/ClickToClaim/TitleWordReview/PriceCollection_20260825_1328/crops/img3_pin34.jpg
Disneyana,Disney Pins,Darkwing Duck Liquidator WDI Adorbs LE PLEASE RELY ON THE PHOTO,"Please rely on the photo, rather than the description. WDI, MOG, Walt Disney Imagineering, Mickey's of Glendale. Darkwing Duck Limited Edition IMG 3-35",1,Buy it Now,75,0-1 Oz,FALSE,Not Hazmat,Used,,Board_3_Pin_35,https://finsandpins.github.io/ClickToClaim/TitleWordReview/PriceCollection_20260825_1328/crops/img3_pin35.jpg
Disneyana,Disney Pins,Cavin LE WDI Adorbs PLEASE RELY ON THE PHOTO,"Please rely on the photo, rather than the description. WDI, MOG, Walt Disney Imagineering, Mickey's of Glendale. Adventures of the Gummi Bears Limited Edition IMG 3-36",1,Buy it Now,80,0-1 Oz,FALSE,Not Hazmat,Used,,Board_3_Pin_36,https://finsandpins.github.io/ClickToClaim/TitleWordReview/PriceCollection_20260825_1328/crops/img3_pin36.jpg
Disneyana,Disney Pins,Tuskerninni WDI MOG Adorbs LE PLEASE RELY ON THE PHOTO,"Please rely on the photo, rather than the description. WDI, MOG, Walt Disney Imagineering, Mickey's of Glendale. Darkwing Duck Limited Edition IMG 3-37",1,Buy it Now,80,0-1 Oz,FALSE,Not Hazmat,Used,,Board_3_Pin_37,https://finsandpins.github.io/ClickToClaim/TitleWordReview/PriceCollection_20260825_1328/crops/img3_pin37.jpg
Disneyana,Disney Pins,Old Man Bayou WDI Adorbs LE PLEASE RELY ON THE PHOTO,"Please rely on the photo, rather than the description. WDI, MOG, Walt Disney Imagineering, Mickey's of Glendale. Pirates of the Caribbean Limited Edition IMG 3-38",1,Buy it Now,45,0-1 Oz,FALSE,Not Hazmat,Used,,Board_3_Pin_38,https://finsandpins.github.io/ClickToClaim/TitleWordReview/PriceCollection_20260825_1328/crops/img3_pin38.jpg
Disneyana,Disney Pins,Quackerjack WDI MOG Adorbs LE PLEASE RELY ON THE PHOTO,"Please rely on the photo, rather than the description. WDI, MOG, Walt Disney Imagineering, Mickey's of Glendale. Darkwing Duck Limited Edition IMG 3-39",1,Buy it Now,85,0-1 Oz,FALSE,Not Hazmat,Used,,Board_3_Pin_39,https://finsandpins.github.io/ClickToClaim/TitleWordReview/PriceCollection_20260825_1328/crops/img3_pin39.jpg
Disneyana,Disney Pins,Launchpad McQuack WDI MOG Adorbs LE PLEASE RELY ON THE PHOTO,"Please rely on the photo, rather than the description. WDI, MOG, Walt Disney Imagineering, Mickey's of Glendale. Darkwing Duck Limited Edition IMG 3-40",1,Buy it Now,80,0-1 Oz,FALSE,Not Hazmat,Used,,Board_3_Pin_40,https://finsandpins.github.io/ClickToClaim/TitleWordReview/PriceCollection_20260825_1328/crops/img3_pin40.jpg
Disneyana,Disney Pins,Augustus Gusto WDI MOG Adorbs LE PLEASE RELY ON THE PHOTO,"Please rely on the photo, rather than the description. WDI, MOG, Walt Disney Imagineering, Mickey's of Glendale. Limited Edition IMG 3-41",1,Buy it Now,90,0-1 Oz,FALSE,Not Hazmat,Used,,Board_3_Pin_41,https://finsandpins.github.io/ClickToClaim/TitleWordReview/PriceCollection_20260825_1328/crops/img3_pin41.jpg
Disneyana,Disney Pins,Toadwart WDI Adorbs LE PLEASE RELY ON THE PHOTO,"Please rely on the photo, rather than the description. WDI, MOG, Walt Disney Imagineering, Mickey's of Glendale. Adventures of Gummi Bears Limited Edition IMG 3-42",1,Buy it Now,85,0-1 Oz,FALSE,Not Hazmat,Used,,Board_3_Pin_42,https://finsandpins.github.io/ClickToClaim/TitleWordReview/PriceCollection_20260825_1328/crops/img3_pin42.jpg
Disneyana,Disney Pins,Esmeralda Adorbs LE PLEASE RELY ON THE PHOTO,"Please rely on the photo, rather than the description. The Hunchback of Notre Dame Limited Edition IMG 3-43",1,Buy it Now,575,0-1 Oz,FALSE,Not Hazmat,Used,,Board_3_Pin_43,https://finsandpins.github.io/ClickToClaim/TitleWordReview/PriceCollection_20260825_1328/crops/img3_pin43.jpg
Disneyana,Disney Pins,NESSUS Centaur MOG WDI Adorbs LE PLEASE RELY ON THE PHOTO,"Please rely on the photo, rather than the description. WDI, MOG, Walt Disney Imagineering, Mickey's of Glendale. Hercules Limited Edition IMG 3-44",1,Buy it Now,120,0-1 Oz,FALSE,Not Hazmat,Used,,Board_3_Pin_44,https://finsandpins.github.io/ClickToClaim/TitleWordReview/PriceCollection_20260825_1328/crops/img3_pin44.jpg
Disneyana,Disney Pins,Honker Muddlefoot WDI MOG Adorbs LE PLEASE RELY ON THE PHOTO,"Please rely on the photo, rather than the description. WDI, MOG, Walt Disney Imagineering, Mickey's of Glendale. Darkwing Duck Limited Edition IMG 3-45",1,Buy it Now,60,0-1 Oz,FALSE,Not Hazmat,Used,,Board_3_Pin_45,https://finsandpins.github.io/ClickToClaim/TitleWordReview/PriceCollection_20260825_1328/crops/img3_pin45.jpg
Disneyana,Disney Pins,Maid Marian WDI Adorbs LE PLEASE RELY ON THE PHOTO,"Please rely on the photo, rather than the description. WDI, MOG, Walt Disney Imagineering, Mickey's of Glendale. Robin Hood Limited Edition IMG 3-46",1,Buy it Now,160,0-1 Oz,FALSE,Not Hazmat,Used,,Board_3_Pin_46,https://finsandpins.github.io/ClickToClaim/TitleWordReview/PriceCollection_20260825_1328/crops/img3_pin46.jpg
Disneyana,Disney Pins,Machiavelli LE WDI Adorbs PLEASE RELY ON THE PHOTO,"Please rely on the photo, rather than the description. WDI, MOG, Walt Disney Imagineering, Mickey's of Glendale. Luca Limited Edition IMG 3-47",1,Buy it Now,510,0-1 Oz,FALSE,Not Hazmat,Used,,Board_3_Pin_47,https://finsandpins.github.io/ClickToClaim/TitleWordReview/PriceCollection_20260825_1328/crops/img3_pin47.jpg
Disneyana,Disney Pins,Jabba Hut DEC Stamp PLEASE RELY ON THE PHOTO,"Please rely on the photo, rather than the description. DEC, WDCS, Disney Employee Center, Walt Disney Company Store. Star Wars IMG 4-01",1,Buy it Now,200,0-1 Oz,FALSE,Not Hazmat,Used,,Board_4_Pin_1,https://finsandpins.github.io/ClickToClaim/TitleWordReview/PriceCollection_20260825_1328/crops/img4_pin01.jpg
Disneyana,Disney Pins,Nephews Huey Dewey & Louie WDI Off the Page LE PLEASE RELY ON THE PHOTO,"Please rely on the photo, rather than the description. WDI, MOG, Walt Disney Imagineering, Mickey's of Glendale. Off the Page Limited Edition IMG 4-02",1,Buy it Now,130,0-1 Oz,FALSE,Not Hazmat,Used,,Board_4_Pin_2,https://finsandpins.github.io/ClickToClaim/TitleWordReview/PriceCollection_20260825_1328/crops/img4_pin02.jpg
Disneyana,Disney Pins,Jim Hawkins WDI Off Page Sketch LE PLEASE RELY ON THE PHOTO,"Please rely on the photo, rather than the description. WDI, MOG, Walt Disney Imagineering, Mickey's of Glendale. Treasure Planet Limited Edition IMG 4-03",1,Buy it Now,360,0-1 Oz,FALSE,Not Hazmat,Used,,Board_4_Pin_3,https://finsandpins.github.io/ClickToClaim/TitleWordReview/PriceCollection_20260825_1328/crops/img4_pin03.jpg
Disneyana,Disney Pins,Admiral Ackbar DEC Stamps LE PLEASE RELY ON THE PHOTO,"Please rely on the photo, rather than the description. DEC, WDCS, Disney Employee Center, Walt Disney Company Store. Star Wars Limited Edition IMG 4-04",1,Buy it Now,130,0-1 Oz,FALSE,Not Hazmat,Used,,Board_4_Pin_4,https://finsandpins.github.io/ClickToClaim/TitleWordReview/PriceCollection_20260825_1328/crops/img4_pin04.jpg
Disneyana,Disney Pins,White Rabbit DEC Stamp LE PLEASE RELY ON THE PHOTO,"Please rely on the photo, rather than the description. DEC, WDCS, Disney Employee Center, Walt Disney Company Store. Alice in Wonderland Limited Edition IMG 4-05",1,Buy it Now,500,0-1 Oz,FALSE,Not Hazmat,Used,,Board_4_Pin_5,https://finsandpins.github.io/ClickToClaim/TitleWordReview/PriceCollection_20260825_1328/crops/img4_pin05.jpg
Disneyana,Disney Pins,General Grievous DEC Stamp PLEASE RELY ON THE PHOTO,"Please rely on the photo, rather than the description. DEC, WDCS, Disney Employee Center, Walt Disney Company Store. Star Wars IMG 4-06",1,Buy it Now,240,0-1 Oz,FALSE,Not Hazmat,Used,,Board_4_Pin_6,https://finsandpins.github.io/ClickToClaim/TitleWordReview/PriceCollection_20260825_1328/crops/img4_pin06.jpg
Disneyana,Disney Pins,Aladdin Profile WDI LE PLEASE RELY ON THE PHOTO,"Please rely on the photo, rather than the description. WDI, MOG, Walt Disney Imagineering, Mickey's of Glendale. Aladdin Limited Edition IMG 5-01",1,Buy it Now,1770,0-1 Oz,FALSE,Not Hazmat,Used,,Board_5_Pin_1,https://finsandpins.github.io/ClickToClaim/TitleWordReview/PriceCollection_20260825_1328/crops/img5_pin01.jpg
Disneyana,Disney Pins,Mickey Profile Three Musketeers WDI LE PLEASE RELY ON THE PHOTO,"Please rely on the photo, rather than the description. WDI, MOG, Walt Disney Imagineering, Mickey's of Glendale. The Three Musketeers Limited Edition IMG 5-02",1,Buy it Now,1000,0-1 Oz,FALSE,Not Hazmat,Used,,Board_5_Pin_2,https://finsandpins.github.io/ClickToClaim/TitleWordReview/PriceCollection_20260825_1328/crops/img5_pin02.jpg
Disneyana,Disney Pins,Prince Naveen Profile WDI LE PLEASE RELY ON THE PHOTO,"Please rely on the photo, rather than the description. WDI, MOG, Walt Disney Imagineering, Mickey's of Glendale. Limited Edition IMG 5-03",1,Buy it Now,1200,0-1 Oz,FALSE,Not Hazmat,Used,,Board_5_Pin_3,https://finsandpins.github.io/ClickToClaim/TitleWordReview/PriceCollection_20260825_1328/crops/img5_pin03.jpg
Disneyana,Disney Pins,Flower Girls Heroines WDI LE PLEASE RELY ON THE PHOTO,"Please rely on the photo, rather than the description. WDI, MOG, Walt Disney Imagineering, Mickey's of Glendale. Moana Limited Edition IMG 5-04",1,Buy it Now,485,0-1 Oz,FALSE,Not Hazmat,Used,,Board_5_Pin_4,https://finsandpins.github.io/ClickToClaim/TitleWordReview/PriceCollection_20260825_1328/crops/img5_pin04.jpg
Disneyana,Disney Pins,Chefs Special Sally PLEASE RELY ON THE PHOTO,"Please rely on the photo, rather than the description. Walt Disney Imagineering IMG 5-05",1,Buy it Now,300,0-1 Oz,FALSE,Not Hazmat,Used,,Board_5_Pin_5,https://finsandpins.github.io/ClickToClaim/TitleWordReview/PriceCollection_20260825_1328/crops/img5_pin05.jpg
Disneyana,Disney Pins,DISNEYLAND Club 33 Mickey & Minnie Valentines Day Chocolate LE PLEASE RELY ON THE PHOTO,"Please rely on the photo, rather than the description. Club 33 Limited Edition IMG 5-07",1,Buy it Now,150,0-1 Oz,FALSE,Not Hazmat,Used,,Board_5_Pin_7,https://finsandpins.github.io/ClickToClaim/TitleWordReview/PriceCollection_20260825_1328/crops/img5_pin07.jpg
Disneyana,Disney Pins,Club 33 Belle Valentines Day Chocolate LE PLEASE RELY ON THE PHOTO,"Please rely on the photo, rather than the description. Beauty and the Beast Limited Edition IMG 5-08",1,Buy it Now,400,0-1 Oz,FALSE,Not Hazmat,Used,,Board_5_Pin_8,https://finsandpins.github.io/ClickToClaim/TitleWordReview/PriceCollection_20260825_1328/crops/img5_pin08.jpg
Disneyana,Disney Pins,Stitch Angel Club 33 Valentine's Day Chocolates LE PLEASE RELY ON THE PHOTO,"Please rely on the photo, rather than the description. Club 33 Limited Edition IMG 5-09",1,Buy it Now,300,0-1 Oz,FALSE,Not Hazmat,Used,,Board_5_Pin_9,https://finsandpins.github.io/ClickToClaim/TitleWordReview/PriceCollection_20260825_1328/crops/img5_pin09.jpg
Disneyana,Disney Pins,Alice in wonderland Disney shopping LE PLEASE RELY ON THE PHOTO,"Please rely on the photo, rather than the description. Alice in Wonderland Limited Edition IMG 6-01",1,Buy it Now,800,0-1 Oz,FALSE,Not Hazmat,Used,,Board_6_Pin_1,https://finsandpins.github.io/ClickToClaim/TitleWordReview/PriceCollection_20260825_1328/crops/img6_pin01.jpg
Disneyana,Disney Pins,Disney Auctions Stitch Cancer Zodiac LE PLEASE RELY ON THE PHOTO,"Please rely on the photo, rather than the description. Disney Auctions Limited Edition IMG 6-02",1,Buy it Now,275,0-1 Oz,FALSE,Not Hazmat,Used,,Board_6_Pin_2,https://finsandpins.github.io/ClickToClaim/TitleWordReview/PriceCollection_20260825_1328/crops/img6_pin02.jpg
Disneyana,Disney Pins,Princess Leia DEC Stamp LE PLEASE RELY ON THE PHOTO,"Please rely on the photo, rather than the description. DEC, WDCS, Disney Employee Center, Walt Disney Company Store. Star Wars Limited Edition IMG 6-05",1,Buy it Now,500,0-1 Oz,FALSE,Not Hazmat,Used,,Board_6_Pin_5,https://finsandpins.github.io/ClickToClaim/TitleWordReview/PriceCollection_20260825_1328/crops/img6_pin05.jpg
Disneyana,Disney Pins,Emperor Palpatine DEC Stamp LE PLEASE RELY ON THE PHOTO,"Please rely on the photo, rather than the description. DEC, WDCS, Disney Employee Center, Walt Disney Company Store. Star Wars Limited Edition IMG 6-06",1,Buy it Now,300,0-1 Oz,FALSE,Not Hazmat,Used,,Board_6_Pin_6,https://finsandpins.github.io/ClickToClaim/TitleWordReview/PriceCollection_20260825_1328/crops/img6_pin06.jpg
Disneyana,Disney Pins,Ahsoka Tano DEC Stamp LE PLEASE RELY ON THE PHOTO,"Please rely on the photo, rather than the description. DEC, WDCS, Disney Employee Center, Walt Disney Company Store. Star Wars Limited Edition IMG 6-07",1,Buy it Now,310,0-1 Oz,FALSE,Not Hazmat,Used,,Board_6_Pin_7,https://finsandpins.github.io/ClickToClaim/TitleWordReview/PriceCollection_20260825_1328/crops/img6_pin07.jpg
