Category,Sub Category,Title,Description,Quantity,Type,Price,Shipping Profile,Condition,Image URL 1,SKU
Collectibles,Disney Pins,Antman Wasp Quantumania World Premiere Global Security,"Please rely on the photo, rather than the description. Antman and the Wasp Quantumania IMG 1-01",1,Auction,100,0-1 Oz,Used,https://finsandpins.github.io/ClickToClaim/TitleWordReview/PriceCollection_20260825_1328/crops/img1_pin01.jpg,Board_1_Pin_1
Collectibles,Disney Pins,Darkwing Duck WDI MOG Adorbs LE,"Please rely on the photo, rather than the description. Walt Disney Imagineering Mickey's of Glendale Darkwing Duck Limited Edition IMG 1-02",1,Auction,150,0-1 Oz,Used,https://finsandpins.github.io/ClickToClaim/TitleWordReview/PriceCollection_20260825_1328/crops/img1_pin02.jpg,Board_1_Pin_2
Collectibles,Disney Pins,Robin Hood & Little John Archery Disguises WDI Adorbs LE,"Please rely on the photo, rather than the description. Walt Disney Imagineering Robin Hood Limited Edition IMG 1-03",1,Auction,160,0-1 Oz,Used,https://finsandpins.github.io/ClickToClaim/TitleWordReview/PriceCollection_20260825_1328/crops/img1_pin03.jpg,Board_1_Pin_3
Collectibles,Disney Pins,Sheriff Nottingham Adorbs WDI MOG LE,"Please rely on the photo, rather than the description. Walt Disney Imagineering Mickey's of Glendale Robin Hood Limited Edition IMG 1-05",1,Auction,100,0-1 Oz,Used,https://finsandpins.github.io/ClickToClaim/TitleWordReview/PriceCollection_20260825_1328/crops/img1_pin05.jpg,Board_1_Pin_5
Collectibles,Disney Pins,Laverne WDI MOG Adorbs LE,"Please rely on the photo, rather than the description. Walt Disney Imagineering Mickey's of Glendale Hunchback of Notre Dame Limited Edition IMG 1-06",1,Auction,110,0-1 Oz,Used,https://finsandpins.github.io/ClickToClaim/TitleWordReview/PriceCollection_20260825_1328/crops/img1_pin06.jpg,Board_1_Pin_6
Collectibles,Disney Pins,Joshua Sweet WDI Adorbs LE,"Please rely on the photo, rather than the description. Walt Disney Imagineering Atlantis Limited Edition IMG 1-07",1,Auction,55,0-1 Oz,Used,https://finsandpins.github.io/ClickToClaim/TitleWordReview/PriceCollection_20260825_1328/crops/img1_pin07.jpg,Board_1_Pin_7
Collectibles,Disney Pins,Cubbi WDI Adorbs LE,"Please rely on the photo, rather than the description. Walt Disney Imagineering Adventures of Gummi Bears Limited Edition IMG 1-08",1,Auction,100,0-1 Oz,Used,https://finsandpins.github.io/ClickToClaim/TitleWordReview/PriceCollection_20260825_1328/crops/img1_pin08.jpg,Board_1_Pin_8
Collectibles,Disney Pins,Sunni WDI Adorbs LE,"Please rely on the photo, rather than the description. Walt Disney Imagineering Adventures of Gummi Bears Limited Edition IMG 1-09",1,Auction,70,0-1 Oz,Used,https://finsandpins.github.io/ClickToClaim/TitleWordReview/PriceCollection_20260825_1328/crops/img1_pin09.jpg,Board_1_Pin_9
Collectibles,Disney Pins,King Gregor WDI Adorbs LE,"Please rely on the photo, rather than the description. Walt Disney Imagineering Adventures of Gummi Bears Limited Edition IMG 1-10",1,Auction,105,0-1 Oz,Used,https://finsandpins.github.io/ClickToClaim/TitleWordReview/PriceCollection_20260825_1328/crops/img1_pin10.jpg,Board_1_Pin_10
Collectibles,Disney Pins,Esmeralda MOG WDI Adorbs LE,"Please rely on the photo, rather than the description. Mickey's of Glendale Walt Disney Imagineering Hunchback of Notre Dame Limited Edition IMG 1-11",1,Auction,180,0-1 Oz,Used,https://finsandpins.github.io/ClickToClaim/TitleWordReview/PriceCollection_20260825_1328/crops/img1_pin11.jpg,Board_1_Pin_11
Collectibles,Disney Pins,Princess Calla WDI Adorbs LE,"Please rely on the photo, rather than the description. Walt Disney Imagineering Adventures of Gummi Bears Limited Edition IMG 1-12",1,Auction,45,0-1 Oz,Used,https://finsandpins.github.io/ClickToClaim/TitleWordReview/PriceCollection_20260825_1328/crops/img1_pin12.jpg,Board_1_Pin_12
Collectibles,Disney Pins,Frollo WDI MOG Adorbs LE,"Please rely on the photo, rather than the description. Walt Disney Imagineering Mickey's of Glendale Hunchback of Notre Dame Limited Edition IMG 1-13",1,Auction,130,0-1 Oz,Used,https://finsandpins.github.io/ClickToClaim/TitleWordReview/PriceCollection_20260825_1328/crops/img1_pin13.jpg,Board_1_Pin_13
Collectibles,Disney Pins,Francois WDI Adorbs LE,"Please rely on the photo, rather than the description. Walt Disney Imagineering Rescuers Down Under Limited Edition IMG 1-14",1,Auction,80,0-1 Oz,Used,https://finsandpins.github.io/ClickToClaim/TitleWordReview/PriceCollection_20260825_1328/crops/img1_pin14.jpg,Board_1_Pin_14
Collectibles,Disney Pins,Zummi WDI Adorbs LE,"Please rely on the photo, rather than the description. Walt Disney Imagineering Adventures of Gummi Bears Limited Edition IMG 1-15",1,Auction,75,0-1 Oz,Used,https://finsandpins.github.io/ClickToClaim/TitleWordReview/PriceCollection_20260825_1328/crops/img1_pin15.jpg,Board_1_Pin_15
Collectibles,Disney Pins,Cody WDI MOG Adorbs LE,"Please rely on the photo, rather than the description. Walt Disney Imagineering Mickey's of Glendale Rescuers Down Under Limited Edition IMG 1-16",1,Auction,50,0-1 Oz,Used,https://finsandpins.github.io/ClickToClaim/TitleWordReview/PriceCollection_20260825_1328/crops/img1_pin16.jpg,Board_1_Pin_16
Collectibles,Disney Pins,Percival C McLeach WDI MOG Adorbs,"Please rely on the photo, rather than the description. Walt Disney Imagineering Mickey's of Glendale The Rescuers Down Under IMG 1-17",1,Auction,60,0-1 Oz,Used,https://finsandpins.github.io/ClickToClaim/TitleWordReview/PriceCollection_20260825_1328/crops/img1_pin17.jpg,Board_1_Pin_17
Collectibles,Disney Pins,Faloo Kangaroo WDI MOG Adorbs LE,"Please rely on the photo, rather than the description. Walt Disney Imagineering Mickey's of Glendale Rescuers Down Under Limited Edition IMG 1-18",1,Auction,105,0-1 Oz,Used,https://finsandpins.github.io/ClickToClaim/TitleWordReview/PriceCollection_20260825_1328/crops/img1_pin18.jpg,Board_1_Pin_18
Collectibles,Disney Pins,Ciccio WDI MOG Adorbs LE,"Please rely on the photo, rather than the description. Walt Disney Imagineering Mickey's of Glendale Luca Limited Edition IMG 1-23",1,Auction,50,0-1 Oz,Used,https://finsandpins.github.io/ClickToClaim/TitleWordReview/PriceCollection_20260825_1328/crops/img1_pin23.jpg,Board_1_Pin_23
Collectibles,Disney Pins,Guido WDI MOG Adorbs LE,"Please rely on the photo, rather than the description. Walt Disney Imagineering Mickey's of Glendale Luca Limited Edition IMG 1-24",1,Auction,65,0-1 Oz,Used,https://finsandpins.github.io/ClickToClaim/TitleWordReview/PriceCollection_20260825_1328/crops/img1_pin24.jpg,Board_1_Pin_24
Collectibles,Disney Pins,Little Mermaid World Premiere Global Security,"Please rely on the photo, rather than the description. The Little Mermaid IMG 1-25",1,Auction,110,0-1 Oz,Used,https://finsandpins.github.io/ClickToClaim/TitleWordReview/PriceCollection_20260825_1328/crops/img1_pin25.jpg,Board_1_Pin_25
Collectibles,Disney Pins,Alberto Human Sea Monster Water WDI MOG LE,"Please rely on the photo, rather than the description. Walt Disney Imagineering Mickey's of Glendale Limited Edition IMG 2-02",1,Auction,160,0-1 Oz,Used,https://finsandpins.github.io/ClickToClaim/TitleWordReview/PriceCollection_20260825_1328/crops/img2_pin02.jpg,Board_2_Pin_2
Collectibles,Disney Pins,Attina King Triton Daughters Map Ariel WDI MOG LE,"Please rely on the photo, rather than the description. Walt Disney Imagineering Mickey's of Glendale Limited Edition IMG 2-03",1,Auction,95,0-1 Oz,Used,https://finsandpins.github.io/ClickToClaim/TitleWordReview/PriceCollection_20260825_1328/crops/img2_pin03.jpg,Board_2_Pin_3
Collectibles,Disney Pins,Wasabi DSSH Cuties,"Please rely on the photo, rather than the description. Disney Studio Store Hollywood Disney Studio Store Hollywood IMG 2-05",1,Auction,75,0-1 Oz,Used,https://finsandpins.github.io/ClickToClaim/TitleWordReview/PriceCollection_20260825_1328/crops/img2_pin05.jpg,Board_2_Pin_5
Collectibles,Disney Pins,Aladdin Street WDI MOG Adorbs LE,"Please rely on the photo, rather than the description. Walt Disney Imagineering Mickey's of Glendale Aladdin Limited Edition IMG 3-01",1,Auction,170,0-1 Oz,Used,https://finsandpins.github.io/ClickToClaim/TitleWordReview/PriceCollection_20260825_1328/crops/img3_pin01.jpg,Board_3_Pin_1
Collectibles,Disney Pins,Jasmine Street WDI MOG Adorbs LE,"Please rely on the photo, rather than the description. Walt Disney Imagineering Mickey's of Glendale Aladdin Limited Edition IMG 3-02",1,Auction,250,0-1 Oz,Used,https://finsandpins.github.io/ClickToClaim/TitleWordReview/PriceCollection_20260825_1328/crops/img3_pin02.jpg,Board_3_Pin_2
Collectibles,Disney Pins,Genie WDI Adorbs LE,"Please rely on the photo, rather than the description. Walt Disney Imagineering Aladdin Limited Edition IMG 3-03",1,Auction,235,0-1 Oz,Used,https://finsandpins.github.io/ClickToClaim/TitleWordReview/PriceCollection_20260825_1328/crops/img3_pin03.jpg,Board_3_Pin_3
Collectibles,Disney Pins,Iago WDI Adorbs LE,"Please rely on the photo, rather than the description. Walt Disney Imagineering Aladdin Limited Edition IMG 3-04",1,Auction,100,0-1 Oz,Used,https://finsandpins.github.io/ClickToClaim/TitleWordReview/PriceCollection_20260825_1328/crops/img3_pin04.jpg,Board_3_Pin_4
Collectibles,Disney Pins,Jafar WDI Adorbs LE,"Please rely on the photo, rather than the description. Walt Disney Imagineering Aladdin Limited Edition IMG 3-05",1,Auction,200,0-1 Oz,Used,https://finsandpins.github.io/ClickToClaim/TitleWordReview/PriceCollection_20260825_1328/crops/img3_pin05.jpg,Board_3_Pin_5
Collectibles,Disney Pins,Rajah Tiger MOG WDI Adorbs LE,"Please rely on the photo, rather than the description. Mickey's of Glendale Walt Disney Imagineering Aladdin Limited Edition IMG 3-06",1,Auction,250,0-1 Oz,Used,https://finsandpins.github.io/ClickToClaim/TitleWordReview/PriceCollection_20260825_1328/crops/img3_pin06.jpg,Board_3_Pin_6
Collectibles,Disney Pins,magic carpet WDI Adorbs LE,"Please rely on the photo, rather than the description. Walt Disney Imagineering Aladdin Limited Edition IMG 3-07",1,Auction,105,0-1 Oz,Used,https://finsandpins.github.io/ClickToClaim/TitleWordReview/PriceCollection_20260825_1328/crops/img3_pin07.jpg,Board_3_Pin_7
Collectibles,Disney Pins,red Jafar Genie WDI Adorbs LE,"Please rely on the photo, rather than the description. Walt Disney Imagineering Aladdin Limited Edition IMG 3-08",1,Auction,1000,0-1 Oz,Used,https://finsandpins.github.io/ClickToClaim/TitleWordReview/PriceCollection_20260825_1328/crops/img3_pin08.jpg,Board_3_Pin_8
Collectibles,Disney Pins,Vacation Genie WDI MOG Adorbs LE,"Please rely on the photo, rather than the description. Walt Disney Imagineering Mickey's of Glendale Aladdin Limited Edition IMG 3-09",1,Auction,700,0-1 Oz,Used,https://finsandpins.github.io/ClickToClaim/TitleWordReview/PriceCollection_20260825_1328/crops/img3_pin09.jpg,Board_3_Pin_9
Collectibles,Disney Pins,Aladdin WDI Adorbs LE,"Please rely on the photo, rather than the description. Walt Disney Imagineering Aladdin Limited Edition IMG 3-10",1,Auction,110,0-1 Oz,Used,https://finsandpins.github.io/ClickToClaim/TitleWordReview/PriceCollection_20260825_1328/crops/img3_pin10.jpg,Board_3_Pin_10
Collectibles,Disney Pins,Jafar Snake WDI Adorbs LE,"Please rely on the photo, rather than the description. Walt Disney Imagineering Aladdin Limited Edition IMG 3-11",1,Auction,1150,0-1 Oz,Used,https://finsandpins.github.io/ClickToClaim/TitleWordReview/PriceCollection_20260825_1328/crops/img3_pin11.jpg,Board_3_Pin_11
Collectibles,Disney Pins,Jasmine Blue Dress WDI Adorbs LE,"Please rely on the photo, rather than the description. Walt Disney Imagineering Aladdin Limited Edition IMG 3-12",1,Auction,850,0-1 Oz,Used,https://finsandpins.github.io/ClickToClaim/TitleWordReview/PriceCollection_20260825_1328/crops/img3_pin12.jpg,Board_3_Pin_12
Collectibles,Disney Pins,Elephant Abu WDI MOG Adorbs LE,"Please rely on the photo, rather than the description. Walt Disney Imagineering Mickey's of Glendale Aladdin Limited Edition IMG 3-13",1,Auction,130,0-1 Oz,Used,https://finsandpins.github.io/ClickToClaim/TitleWordReview/PriceCollection_20260825_1328/crops/img3_pin13.jpg,Board_3_Pin_13
Collectibles,Disney Pins,Tummi WDI Adorbs LE,"Please rely on the photo, rather than the description. Walt Disney Imagineering Adventures of Gummi Bears Limited Edition IMG 3-14",1,Auction,45,0-1 Oz,Used,https://finsandpins.github.io/ClickToClaim/TitleWordReview/PriceCollection_20260825_1328/crops/img3_pin14.jpg,Board_3_Pin_14
Collectibles,Disney Pins,Djali WDI Adorbs,"Please rely on the photo, rather than the description. Walt Disney Imagineering Hunchback of Notre Dame IMG 3-15",1,Auction,125,0-1 Oz,Used,https://finsandpins.github.io/ClickToClaim/TitleWordReview/PriceCollection_20260825_1328/crops/img3_pin15.jpg,Board_3_Pin_15
Collectibles,Disney Pins,Tummi WDI Adorbs LE,"Please rely on the photo, rather than the description. Walt Disney Imagineering Adventures of Gummi Bears Limited Edition IMG 3-16",1,Auction,45,0-1 Oz,Used,https://finsandpins.github.io/ClickToClaim/TitleWordReview/PriceCollection_20260825_1328/crops/img3_pin16.jpg,Board_3_Pin_16
Collectibles,Disney Pins,Ogre Gad Bears WDI MOG Adorbs LE,"Please rely on the photo, rather than the description. Walt Disney Imagineering Mickey's of Glendale Limited Edition IMG 3-17",1,Auction,220,0-1 Oz,Used,https://finsandpins.github.io/ClickToClaim/TitleWordReview/PriceCollection_20260825_1328/crops/img3_pin17.jpg,Board_3_Pin_17
Collectibles,Disney Pins,Wilbur WDI Adorbs LE,"Please rely on the photo, rather than the description. Walt Disney Imagineering Rescuers Down Under Limited Edition IMG 3-18",1,Auction,65,0-1 Oz,Used,https://finsandpins.github.io/ClickToClaim/TitleWordReview/PriceCollection_20260825_1328/crops/img3_pin18.jpg,Board_3_Pin_18
Collectibles,Disney Pins,Red Princess Jasmine WDI Adorbs LE,"Please rely on the photo, rather than the description. Walt Disney Imagineering Aladdin Limited Edition IMG 3-19",1,Auction,1000,0-1 Oz,Used,https://finsandpins.github.io/ClickToClaim/TitleWordReview/PriceCollection_20260825_1328/crops/img3_pin19.jpg,Board_3_Pin_19
Collectibles,Disney Pins,Rabbit WDI MOG Adorbs LE,"Please rely on the photo, rather than the description. Walt Disney Imagineering Mickey's of Glendale Winnie the Pooh Limited Edition IMG 3-20",1,Auction,300,0-1 Oz,Used,https://finsandpins.github.io/ClickToClaim/TitleWordReview/PriceCollection_20260825_1328/crops/img3_pin20.jpg,Board_3_Pin_20
Collectibles,Disney Pins,Prospector Pete WDI Adorbs,"Please rely on the photo, rather than the description. Walt Disney Imagineering Toy Story IMG 3-21",1,Auction,125,0-1 Oz,Used,https://finsandpins.github.io/ClickToClaim/TitleWordReview/PriceCollection_20260825_1328/crops/img3_pin21.jpg,Board_3_Pin_21
Collectibles,Disney Pins,Tummi WDI Adorbs LE,"Please rely on the photo, rather than the description. Walt Disney Imagineering Adventures of Gummi Bears Limited Edition IMG 3-22",1,Auction,45,0-1 Oz,Used,https://finsandpins.github.io/ClickToClaim/TitleWordReview/PriceCollection_20260825_1328/crops/img3_pin22.jpg,Board_3_Pin_22
Collectibles,Disney Pins,Quasimodo WDI MOG Adorbs LE,"Please rely on the photo, rather than the description. Walt Disney Imagineering Mickey's of Glendale Hunchback of Notre Dame Limited Edition IMG 3-23",1,Auction,120,0-1 Oz,Used,https://finsandpins.github.io/ClickToClaim/TitleWordReview/PriceCollection_20260825_1328/crops/img3_pin23.jpg,Board_3_Pin_23
Collectibles,Disney Pins,Archdeacon WDI MOG Adorbs LE,"Please rely on the photo, rather than the description. Walt Disney Imagineering Mickey's of Glendale Hunchback of Notre Dame Limited Edition IMG 3-24",1,Auction,65,0-1 Oz,Used,https://finsandpins.github.io/ClickToClaim/TitleWordReview/PriceCollection_20260825_1328/crops/img3_pin24.jpg,Board_3_Pin_24
Collectibles,Disney Pins,Clopin WDI Adorbs LE,"Please rely on the photo, rather than the description. Walt Disney Imagineering Limited Edition IMG 3-25",1,Auction,75,0-1 Oz,Used,https://finsandpins.github.io/ClickToClaim/TitleWordReview/PriceCollection_20260825_1328/crops/img3_pin25.jpg,Board_3_Pin_25
Collectibles,Disney Pins,Clopin WDI Adorbs LE,"Please rely on the photo, rather than the description. Walt Disney Imagineering Limited Edition IMG 3-26",1,Auction,75,0-1 Oz,Used,https://finsandpins.github.io/ClickToClaim/TitleWordReview/PriceCollection_20260825_1328/crops/img3_pin26.jpg,Board_3_Pin_26
Collectibles,Disney Pins,Victor LE WDI Adorbs,"Please rely on the photo, rather than the description. Walt Disney Imagineering Hunchback of Notre Dame Limited Edition IMG 3-27",1,Auction,160,0-1 Oz,Used,https://finsandpins.github.io/ClickToClaim/TitleWordReview/PriceCollection_20260825_1328/crops/img3_pin27.jpg,Board_3_Pin_27
Collectibles,Disney Pins,Gruffi WDI Adorbs LE,"Please rely on the photo, rather than the description. Walt Disney Imagineering Adventures of Gummi Bears Limited Edition IMG 3-28",1,Auction,50,0-1 Oz,Used,https://finsandpins.github.io/ClickToClaim/TitleWordReview/PriceCollection_20260825_1328/crops/img3_pin28.jpg,Board_3_Pin_28
Collectibles,Disney Pins,Krebbs WDI Adorbs LE,"Please rely on the photo, rather than the description. Walt Disney Imagineering Rescuers Down Under Limited Edition IMG 3-29",1,Auction,80,0-1 Oz,Used,https://finsandpins.github.io/ClickToClaim/TitleWordReview/PriceCollection_20260825_1328/crops/img3_pin29.jpg,Board_3_Pin_29
Collectibles,Disney Pins,Kronk LE WDI Adorbs,"Please rely on the photo, rather than the description. Walt Disney Imagineering Limited Edition IMG 3-30",1,Auction,350,0-1 Oz,Used,https://finsandpins.github.io/ClickToClaim/TitleWordReview/PriceCollection_20260825_1328/crops/img3_pin30.jpg,Board_3_Pin_30
Collectibles,Disney Pins,Pirate Pig WDI Adorbs LE,"Please rely on the photo, rather than the description. Walt Disney Imagineering Pirates of the Caribbean Limited Edition IMG 3-31",1,Auction,90,0-1 Oz,Used,https://finsandpins.github.io/ClickToClaim/TitleWordReview/PriceCollection_20260825_1328/crops/img3_pin31.jpg,Board_3_Pin_31
Collectibles,Disney Pins,Animal Muppets Electric Mayhem WDI MOG Adorbs LE,"Please rely on the photo, rather than the description. Walt Disney Imagineering Mickey's of Glendale Muppets Limited Edition IMG 3-33",1,Auction,265,0-1 Oz,Used,https://finsandpins.github.io/ClickToClaim/TitleWordReview/PriceCollection_20260825_1328/crops/img3_pin33.jpg,Board_3_Pin_33
Collectibles,Disney Pins,Frank lizard WDI Adorbs LE,"Please rely on the photo, rather than the description. Walt Disney Imagineering Rescuers Down Under Limited Edition IMG 3-34",1,Auction,150,0-1 Oz,Used,https://finsandpins.github.io/ClickToClaim/TitleWordReview/PriceCollection_20260825_1328/crops/img3_pin34.jpg,Board_3_Pin_34
Collectibles,Disney Pins,Darkwing Duck Liquidator WDI Adorbs LE,"Please rely on the photo, rather than the description. Walt Disney Imagineering Darkwing Duck Limited Edition IMG 3-35",1,Auction,75,0-1 Oz,Used,https://finsandpins.github.io/ClickToClaim/TitleWordReview/PriceCollection_20260825_1328/crops/img3_pin35.jpg,Board_3_Pin_35
Collectibles,Disney Pins,Cavin LE WDI Adorbs,"Please rely on the photo, rather than the description. Walt Disney Imagineering Adventures of the Gummi Bears Limited Edition IMG 3-36",1,Auction,80,0-1 Oz,Used,https://finsandpins.github.io/ClickToClaim/TitleWordReview/PriceCollection_20260825_1328/crops/img3_pin36.jpg,Board_3_Pin_36
Collectibles,Disney Pins,Tuskerninni WDI MOG Adorbs LE,"Please rely on the photo, rather than the description. Walt Disney Imagineering Mickey's of Glendale Darkwing Duck Limited Edition IMG 3-37",1,Auction,80,0-1 Oz,Used,https://finsandpins.github.io/ClickToClaim/TitleWordReview/PriceCollection_20260825_1328/crops/img3_pin37.jpg,Board_3_Pin_37
Collectibles,Disney Pins,Old Man Bayou WDI Adorbs LE,"Please rely on the photo, rather than the description. Walt Disney Imagineering Pirates of the Caribbean Limited Edition IMG 3-38",1,Auction,45,0-1 Oz,Used,https://finsandpins.github.io/ClickToClaim/TitleWordReview/PriceCollection_20260825_1328/crops/img3_pin38.jpg,Board_3_Pin_38
Collectibles,Disney Pins,Quackerjack WDI MOG Adorbs LE,"Please rely on the photo, rather than the description. Walt Disney Imagineering Mickey's of Glendale Darkwing Duck Limited Edition IMG 3-39",1,Auction,85,0-1 Oz,Used,https://finsandpins.github.io/ClickToClaim/TitleWordReview/PriceCollection_20260825_1328/crops/img3_pin39.jpg,Board_3_Pin_39
Collectibles,Disney Pins,Launchpad McQuack WDI MOG Adorbs LE,"Please rely on the photo, rather than the description. Walt Disney Imagineering Mickey's of Glendale Darkwing Duck Limited Edition IMG 3-40",1,Auction,80,0-1 Oz,Used,https://finsandpins.github.io/ClickToClaim/TitleWordReview/PriceCollection_20260825_1328/crops/img3_pin40.jpg,Board_3_Pin_40
Collectibles,Disney Pins,Augustus Gusto WDI MOG Adorbs LE,"Please rely on the photo, rather than the description. Walt Disney Imagineering Mickey's of Glendale Limited Edition IMG 3-41",1,Auction,90,0-1 Oz,Used,https://finsandpins.github.io/ClickToClaim/TitleWordReview/PriceCollection_20260825_1328/crops/img3_pin41.jpg,Board_3_Pin_41
Collectibles,Disney Pins,Toadwart WDI Adorbs LE,"Please rely on the photo, rather than the description. Walt Disney Imagineering Adventures of Gummi Bears Limited Edition IMG 3-42",1,Auction,85,0-1 Oz,Used,https://finsandpins.github.io/ClickToClaim/TitleWordReview/PriceCollection_20260825_1328/crops/img3_pin42.jpg,Board_3_Pin_42
Collectibles,Disney Pins,NESSUS Centaur MOG WDI Adorbs LE,"Please rely on the photo, rather than the description. Mickey's of Glendale Walt Disney Imagineering Hercules Limited Edition IMG 3-44",1,Auction,120,0-1 Oz,Used,https://finsandpins.github.io/ClickToClaim/TitleWordReview/PriceCollection_20260825_1328/crops/img3_pin44.jpg,Board_3_Pin_44
Collectibles,Disney Pins,Honker Muddlefoot WDI MOG Adorbs LE,"Please rely on the photo, rather than the description. Walt Disney Imagineering Mickey's of Glendale Darkwing Duck Limited Edition IMG 3-45",1,Auction,60,0-1 Oz,Used,https://finsandpins.github.io/ClickToClaim/TitleWordReview/PriceCollection_20260825_1328/crops/img3_pin45.jpg,Board_3_Pin_45
Collectibles,Disney Pins,Maid Marian WDI Adorbs LE,"Please rely on the photo, rather than the description. Walt Disney Imagineering Robin Hood Limited Edition IMG 3-46",1,Auction,160,0-1 Oz,Used,https://finsandpins.github.io/ClickToClaim/TitleWordReview/PriceCollection_20260825_1328/crops/img3_pin46.jpg,Board_3_Pin_46
Collectibles,Disney Pins,Machiavelli LE WDI Adorbs,"Please rely on the photo, rather than the description. Walt Disney Imagineering Luca Limited Edition IMG 3-47",1,Auction,510,0-1 Oz,Used,https://finsandpins.github.io/ClickToClaim/TitleWordReview/PriceCollection_20260825_1328/crops/img3_pin47.jpg,Board_3_Pin_47
Collectibles,Disney Pins,Nephews Huey Dewey & Louie WDI Off the Page LE,"Please rely on the photo, rather than the description. Walt Disney Imagineering Off the Page Limited Edition IMG 4-02",1,Auction,130,0-1 Oz,Used,https://finsandpins.github.io/ClickToClaim/TitleWordReview/PriceCollection_20260825_1328/crops/img4_pin02.jpg,Board_4_Pin_2
Collectibles,Disney Pins,Admiral Ackbar DEC Stamps LE,"Please rely on the photo, rather than the description. Disney Employee Center Star Wars Limited Edition IMG 4-04",1,Auction,130,0-1 Oz,Used,https://finsandpins.github.io/ClickToClaim/TitleWordReview/PriceCollection_20260825_1328/crops/img4_pin04.jpg,Board_4_Pin_4
Collectibles,Disney Pins,General Grievous DEC Stamp,"Please rely on the photo, rather than the description. Disney Employee Center Star Wars IMG 4-06",1,Auction,240,0-1 Oz,Used,https://finsandpins.github.io/ClickToClaim/TitleWordReview/PriceCollection_20260825_1328/crops/img4_pin06.jpg,Board_4_Pin_6
Collectibles,Disney Pins,Aladdin Profile WDI LE,"Please rely on the photo, rather than the description. Walt Disney Imagineering Aladdin Limited Edition IMG 5-01",1,Auction,1770,0-1 Oz,Used,https://finsandpins.github.io/ClickToClaim/TitleWordReview/PriceCollection_20260825_1328/crops/img5_pin01.jpg,Board_5_Pin_1
Collectibles,Disney Pins,Mickey Profile Three Musketeers WDI LE,"Please rely on the photo, rather than the description. Walt Disney Imagineering The Three Musketeers Limited Edition IMG 5-02",1,Auction,1000,0-1 Oz,Used,https://finsandpins.github.io/ClickToClaim/TitleWordReview/PriceCollection_20260825_1328/crops/img5_pin02.jpg,Board_5_Pin_2
Collectibles,Disney Pins,Prince Naveen Profile WDI LE,"Please rely on the photo, rather than the description. Walt Disney Imagineering Limited Edition IMG 5-03",1,Auction,1200,0-1 Oz,Used,https://finsandpins.github.io/ClickToClaim/TitleWordReview/PriceCollection_20260825_1328/crops/img5_pin03.jpg,Board_5_Pin_3
Collectibles,Disney Pins,Flower Girls Heroines WDI LE,"Please rely on the photo, rather than the description. Walt Disney Imagineering Moana Limited Edition IMG 5-04",1,Auction,485,0-1 Oz,Used,https://finsandpins.github.io/ClickToClaim/TitleWordReview/PriceCollection_20260825_1328/crops/img5_pin04.jpg,Board_5_Pin_4
Collectibles,Disney Pins,Chefs Special Sally,"Please rely on the photo, rather than the description. Walt Disney Imagineering IMG 5-05",1,Auction,300,0-1 Oz,Used,https://finsandpins.github.io/ClickToClaim/TitleWordReview/PriceCollection_20260825_1328/crops/img5_pin05.jpg,Board_5_Pin_5
Collectibles,Disney Pins,DISNEYLAND Club 33 Mickey & Minnie Valentines Day Chocolate LE,"Please rely on the photo, rather than the description. Club 33 Limited Edition IMG 5-07",1,Auction,150,0-1 Oz,Used,https://finsandpins.github.io/ClickToClaim/TitleWordReview/PriceCollection_20260825_1328/crops/img5_pin07.jpg,Board_5_Pin_7
Collectibles,Disney Pins,Club 33 Belle Valentines Day Chocolate LE,"Please rely on the photo, rather than the description. Beauty and the Beast Limited Edition IMG 5-08",1,Auction,400,0-1 Oz,Used,https://finsandpins.github.io/ClickToClaim/TitleWordReview/PriceCollection_20260825_1328/crops/img5_pin08.jpg,Board_5_Pin_8
Collectibles,Disney Pins,Stitch Angel Club 33 Valentine's Day Chocolates LE,"Please rely on the photo, rather than the description. Club 33 Limited Edition IMG 5-09",1,Auction,300,0-1 Oz,Used,https://finsandpins.github.io/ClickToClaim/TitleWordReview/PriceCollection_20260825_1328/crops/img5_pin09.jpg,Board_5_Pin_9
Collectibles,Disney Pins,Alice in wonderland Disney shopping LE,"Please rely on the photo, rather than the description. Alice in Wonderland Limited Edition IMG 6-01",1,Auction,800,0-1 Oz,Used,https://finsandpins.github.io/ClickToClaim/TitleWordReview/PriceCollection_20260825_1328/crops/img6_pin01.jpg,Board_6_Pin_1
Collectibles,Disney Pins,Disney Auctions Stitch Cancer Zodiac LE,"Please rely on the photo, rather than the description. Disney Auctions Limited Edition IMG 6-02",1,Auction,275,0-1 Oz,Used,https://finsandpins.github.io/ClickToClaim/TitleWordReview/PriceCollection_20260825_1328/crops/img6_pin02.jpg,Board_6_Pin_2
Collectibles,Disney Pins,Princess Leia DEC Stamp LE,"Please rely on the photo, rather than the description. Disney Employee Center Star Wars Limited Edition IMG 6-05",1,Auction,500,0-1 Oz,Used,https://finsandpins.github.io/ClickToClaim/TitleWordReview/PriceCollection_20260825_1328/crops/img6_pin05.jpg,Board_6_Pin_5
Collectibles,Disney Pins,Emperor Palpatine DEC Stamp LE,"Please rely on the photo, rather than the description. Disney Employee Center Star Wars Limited Edition IMG 6-06",1,Auction,300,0-1 Oz,Used,https://finsandpins.github.io/ClickToClaim/TitleWordReview/PriceCollection_20260825_1328/crops/img6_pin06.jpg,Board_6_Pin_6
Collectibles,Disney Pins,Ahsoka Tano DEC Stamp LE,"Please rely on the photo, rather than the description. Disney Employee Center Star Wars Limited Edition IMG 6-07",1,Auction,310,0-1 Oz,Used,https://finsandpins.github.io/ClickToClaim/TitleWordReview/PriceCollection_20260825_1328/crops/img6_pin07.jpg,Board_6_Pin_7
