fb_key,pin_key,crop_stem,crop_filename,thumb,list_price,sold_price,match_status,sale_recorded_by,sale_recorded_at,board_num,pin_n,listing_title
img3933_pin02_jpg__1919a0b85ea8,img3933_pin02.jpg__1919a0b85ea8,img3933_pin02,img3933_pin02.jpg,thumbs/sold_ctr/img3933_pin02.jpg,85.0,85.0,match,@Lexi,1787439124496,3933,2,Disney D23 2026 Marketplace Pin - Milo and Kida Atlantis 25th Anniversary LE 500
img3933_pin03_jpg__348521adb0b2,img3933_pin03.jpg__348521adb0b2,img3933_pin03,img3933_pin03.jpg,thumbs/sold_ctr/img3933_pin03.jpg,80.0,91.0,priced,@Lexi,1787430124247,3933,3,Disney - Squatting/Dancing Peter Pan - Arms Folded - Rare Pin
img3933_pin04_jpg__6f39aae7ce11,img3933_pin04.jpg__6f39aae7ce11,img3933_pin04,img3933_pin04.jpg,thumbs/sold_ctr/img3933_pin04.jpg,80.0,95.0,priced,@Lexi,1787429942673,3933,4,Winnie the Pooh and Tigger 2007 Disney Pin WDW
img3933_pin05_jpg__78b1294def8c,img3933_pin05.jpg__78b1294def8c,img3933_pin05,img3933_pin05.jpg,thumbs/sold_ctr/img3933_pin05.jpg,80.0,185.0,priced,@Lexi,1787429727082,3933,5,Disney Loungefly MULAN MUSHU BLIND BOX MYSTERY PIN
img3933_pin06_jpg__7546b2a643f2,img3933_pin06.jpg__7546b2a643f2,img3933_pin06,img3933_pin06.jpg,thumbs/sold_ctr/img3933_pin06.jpg,80.0,100.0,priced,@Lexi,1787430260353,3933,6,Baloo The Jungle Book 10th Anniversary Disney Channel Pin 1510
img3933_pin07_jpg__46607831016c,img3933_pin07.jpg__46607831016c,img3933_pin07,img3933_pin07.jpg,thumbs/sold_ctr/img3933_pin07.jpg,80.0,80.0,priced,@Lexi,1787430045143,3933,7,Disney Pin WDW - 1999 The Mad Hatter Holding Teapot And Teacup Pin
img3933_pin08_jpg__a6418f7c0f88,img3933_pin08.jpg__a6418f7c0f88,img3933_pin08,img3933_pin08.jpg,thumbs/sold_ctr/img3933_pin08.jpg,80.0,170.0,priced,@Lexi,1787429711825,3933,8,Mickey Mouse from The Sorcerer's Apprentice Disney Pin 3812
img3933_pin09_jpg__fdd92d64b0cf,img3933_pin09.jpg__fdd92d64b0cf,img3933_pin09,img3933_pin09.jpg,thumbs/sold_ctr/img3933_pin09.jpg,80.0,190.0,priced,@Lexi,1787429720367,3933,9,DIsney Goofy Hip Lanyard Starter Set Mickey Mouse and Friends Pin  80028
img3933_pin10_jpg__666cd35b2c5e,img3933_pin10.jpg__666cd35b2c5e,img3933_pin10,img3933_pin10.jpg,thumbs/sold_ctr/img3933_pin10.jpg,100.0,100.0,match,@Lexi,1787439089828,3933,10,Disney D23 2026 The Muppet Show 50 Years Pin LE 500 Beyond the Magic IN HAND
img3933_pin11_jpg__97e06ad192e4,img3933_pin11.jpg__97e06ad192e4,img3933_pin11,img3933_pin11.jpg,thumbs/sold_ctr/img3933_pin11.jpg,130.0,130.0,match,@Lexi,1787439058759,3933,11,Disney Beauty and the Beast 35th Anniversary Mini Jumbo Pin LE /800 *IN HAND*
img3933_pin12_jpg__8127812b46ef,img3933_pin12.jpg__8127812b46ef,img3933_pin12,img3933_pin12.jpg,thumbs/sold_ctr/img3933_pin12.jpg,80.0,80.0,priced,@Lexi,1787429790583,3933,12,Disney Pins Villains Neckties Collection Gaston
img3933_pin13_jpg__95e1ccc42e09,img3933_pin13.jpg__95e1ccc42e09,img3933_pin13,img3933_pin13.jpg,thumbs/sold_ctr/img3933_pin13.jpg,80.0,98.0,priced,@Lexi,1787429999109,3933,13,Aladdin And Genie Disney’s Best Friends Mystery Pin Series 2012
img3933_pin14_jpg__6ee5450a4196,img3933_pin14.jpg__6ee5450a4196,img3933_pin14,img3933_pin14.jpg,thumbs/sold_ctr/img3933_pin14.jpg,80.0,181.0,priced,@Lexi,1787429674188,3933,14,New Disneyland 70th Anniversary Vault Pin MR. TOAD Limited Edition 5000
img3933_pin15_jpg__3ec73d364e14,img3933_pin15.jpg__3ec73d364e14,img3933_pin15,img3933_pin15.jpg,thumbs/sold_ctr/img3933_pin15.jpg,80.0,180.0,priced,@Lexi,1787429692828,3933,15,Disney Lilo & Stitch Small Square Trading Pin
img3933_pin16_jpg__3612a58a149e,img3933_pin16.jpg__3612a58a149e,img3933_pin16,img3933_pin16.jpg,thumbs/sold_ctr/img3933_pin16.jpg,80.0,91.0,priced,@Lexi,1787429933938,3933,16,WDW - Cast Holiday Set Dumbo Holding Paint Brush Disney small
img3933_pin17_jpg__d1cd151daabd,img3933_pin17.jpg__d1cd151daabd,img3933_pin17,img3933_pin17.jpg,thumbs/sold_ctr/img3933_pin17.jpg,80.0,85.0,priced,@Lexi,1787430269644,3933,17,Pinocchio and jiminy cricket best friends blind bag pin
img3933_pin18_jpg__2ed0772658f6,img3933_pin18.jpg__2ed0772658f6,img3933_pin18,img3933_pin18.jpg,thumbs/sold_ctr/img3933_pin18.jpg,80.0,185.0,priced,@Lexi,1787429798157,3933,18,Disney Pin Walt Disney's Lady and the Tramp 45634
img3933_pin21_jpg__1a7fb1f46ea2,img3933_pin21.jpg__1a7fb1f46ea2,img3933_pin21,img3933_pin21.jpg,thumbs/sold_ctr/img3933_pin21.jpg,60.0,60.0,match,@Lexi,1787439240993,3933,21,2026 D23  DISNEY MARKETPLACE  BEYOND MAGIC PIN FIGMENT IN TUXEDO MOVEMENT
img3933_pin23_jpg__2044c9b2a59f,img3933_pin23.jpg__2044c9b2a59f,img3933_pin23,img3933_pin23.jpg,thumbs/sold_ctr/img3933_pin23.jpg,25.0,25.0,match,@Lexi,1787439268565,3933,23,D23 Expo 2026 Disney Marketplace - Hercules Musical Authentic Logo Pin
img3933_pin25_jpg__81831b60e401,img3933_pin25.jpg__81831b60e401,img3933_pin25,img3933_pin25.jpg,thumbs/sold_ctr/img3933_pin25.jpg,63.0,73.0,match,@Lexi,1787439862269,3933,25,Disney Limited Edition Disney Beyond the Magic Little Mermaid Ariel Pin D23
img3933_pin26_jpg__b09d44e2aec6,img3933_pin26.jpg__b09d44e2aec6,img3933_pin26,img3933_pin26.jpg,thumbs/sold_ctr/img3933_pin26.jpg,69.0,70.0,match,@Lexi,1787439911850,3933,26,2026 D23 Expo Pins Limited Edition Beyond the Magic Sleeping Beauty Pin LE 2000
img3933_pin27_jpg__4ea403d468a1,img3933_pin27.jpg__4ea403d468a1,img3933_pin27,img3933_pin27.jpg,thumbs/sold_ctr/img3933_pin27.jpg,60.0,71.0,match,@Lexi,1787439192125,3933,27,Disney D23 2026 Exclusive Beyond Magic Film Frame LE 2000 Pin Hercules Pegasus
img3936_pin04_jpg__1acc9d9cb2da,img3936_pin04.jpg__1acc9d9cb2da,img3936_pin04,img3936_pin04.jpg,thumbs/sold_ctr/img3936_pin04.jpg,100.0,130.0,match,@Lexi,1787437478023,3936,4,Disney D23 Expo DSSH 2026 It's All In A Name Dumbo Flying Elephant LE400 Pin
img3936_pin05_jpg__878979eb0dab,img3936_pin05.jpg__878979eb0dab,img3936_pin05,img3936_pin05.jpg,thumbs/sold_ctr/img3936_pin05.jpg,128.0,130.0,match,@Lexi,1787436991164,3936,5,Disney Pin D23 2026 DSSH All In A Name Kuzco LE 400
img3936_pin09_jpg__4b5eb57f1f1e,img3936_pin09.jpg__4b5eb57f1f1e,img3936_pin09,img3936_pin09.jpg,thumbs/sold_ctr/img3936_pin09.jpg,75.0,75.0,match,@Lexi,1787436969383,3936,9,DSSH 2026 Best Of Show Ribbons Series Best Smile Cheshire Cat Pin
img3936_pin10_jpg__b41c5e13a3cf,img3936_pin10.jpg__b41c5e13a3cf,img3936_pin10,img3936_pin10.jpg,thumbs/sold_ctr/img3936_pin10.jpg,67.0,70.0,match,@Lexi,1787439466610,3936,10,2026 Disney DSSH Pin Best in Show Alice in Wonderland Dinah LE 400 D23
img3936_pin14_jpg__faf4142bd3c7,img3936_pin14.jpg__faf4142bd3c7,img3936_pin14,img3936_pin14.jpg,thumbs/sold_ctr/img3936_pin14.jpg,49.0,50.0,match,@Lexi,1787438020471,3936,14,2026 D23 Expo DSSH MARVEL Artist Series Avengers Endgame Antman pin LE400
img3936_pin19_jpg__78af05c9d093,img3936_pin19.jpg__78af05c9d093,img3936_pin19,img3936_pin19.jpg,thumbs/sold_ctr/img3936_pin19.jpg,100.0,100.0,match,@Lexi,1787438972023,3936,19,2026 Disney DSSH PIN Best In Show 101 Dalmatians Pongo LE 400 D23
img3936_pin20_jpg__acef48f81be5,img3936_pin20.jpg__acef48f81be5,img3936_pin20,img3936_pin20.jpg,thumbs/sold_ctr/img3936_pin20.jpg,65.0,73.0,match,@Lexi,1787439387811,3936,20,D23 Expo 2026 DSSH Best in Show Award Disney Pin LE 400 Toulouse
img3936_pin21_jpg__6ffd04a79648,img3936_pin21.jpg__6ffd04a79648,img3936_pin21,img3936_pin21.jpg,thumbs/sold_ctr/img3936_pin21.jpg,65.0,65.0,match,@Lexi,1787439431795,3936,21,D23 2026 Expo DSSH Dodger Best In Show LE 400 Disney Pin
img3936_pin22_jpg__eec56b59ab17,img3936_pin22.jpg__eec56b59ab17,img3936_pin22,img3936_pin22.jpg,thumbs/sold_ctr/img3936_pin22.jpg,44.0,40.0,match,@Lexi,1787439746634,3936,22,2026 Disney DSSH Hollywood Studio Store Storybook Cinderella OE Pin
img3936_pin23_jpg__6a16c917c6f0,img3936_pin23.jpg__6a16c917c6f0,img3936_pin23,img3936_pin23.jpg,thumbs/sold_ctr/img3936_pin23.jpg,45.0,45.0,match,@Lexi,1787439710336,3936,23,2026 Disney DSSH Hollywood Studio Store Storybook Elliott Pete’s Dragon OE Pin
img3936_pin25_jpg__136dbff06bd5,img3936_pin25.jpg__136dbff06bd5,img3936_pin25,img3936_pin25.jpg,thumbs/sold_ctr/img3936_pin25.jpg,45.0,44.0,match,@Lexi,1787439640717,3936,25,2026 Disney DSSH Hollywood Studio Store Storybook Ariel Flounder OE Pin NEW
img3936_pin31_jpg__6ff010c62a7c,img3936_pin31.jpg__6ff010c62a7c,img3936_pin31,img3936_pin31.jpg,thumbs/sold_ctr/img3936_pin31.jpg,40.0,46.0,match,@Lexi,1787439674387,3936,31,D23 2026 DSSH 101 Dalmatians Story book Pin
img3944_pin02_jpg__759fd1ce8825,img3944_pin02.jpg__759fd1ce8825,img3944_pin02,img3944_pin02.jpg,thumbs/sold_ctr/img3944_pin02.jpg,150.0,150.0,match,@Lexi,1787438581100,3944,2,✅ Disney D23 Expo 2026 DEC Nemo and Crush Pixar Stamp Pin LE500
img3944_pin03_jpg__069059e386ec,img3944_pin03.jpg__069059e386ec,img3944_pin03,img3944_pin03.jpg,thumbs/sold_ctr/img3944_pin03.jpg,145.0,145.0,match,@Lexi,1787437865090,3944,3,Disney D23 2026 WDCS Ultimate Pixar Stamp Sulley & Boo Monster’s Inc Pin LE500
img3944_pin06_jpg__4546fae6f55b,img3944_pin06.jpg__4546fae6f55b,img3944_pin06,img3944_pin06.jpg,thumbs/sold_ctr/img3944_pin06.jpg,168.0,155.0,match,@Lexi,1787433848731,3944,6,Disney D23 DEC WDCS Ultimate Pixar Stamp Heimlich & Flik A Bug’s Life LE 500 Pin
img3944_pin07_jpg__beb54e10e3d8,img3944_pin07.jpg__beb54e10e3d8,img3944_pin07,img3944_pin07.jpg,thumbs/sold_ctr/img3944_pin07.jpg,219.0,200.0,match,@Lexi,1787433351926,3944,7,D23 2026 TWDCS Disney Epic Rivals Jumbo Pin - Maleficent LE500
img3944_pin08_jpg__a538d8ae818f,img3944_pin08.jpg__a538d8ae818f,img3944_pin08,img3944_pin08.jpg,thumbs/sold_ctr/img3944_pin08.jpg,130.0,130.0,match,@Lexi,1787438620218,3944,8,Disney DEC TWDCS D23 Expo 2026 Pixar Stamp Up Young Carl Ellie LE500 Pin
img3944_pin14_jpg__197dae99bec9,img3944_pin14.jpg__197dae99bec9,img3944_pin14,img3944_pin14.jpg,thumbs/sold_ctr/img3944_pin14.jpg,89.0,108.0,match,@Lexi,1787438276345,3944,14,Disney D23 Expo 2026 WDCS Pins: Ultimate Pixar Stamp Mr Incredible/Frozone LE500
img3944_pin15_jpg__ea7414d55707,img3944_pin15.jpg__ea7414d55707,img3944_pin15,img3944_pin15.jpg,thumbs/sold_ctr/img3944_pin15.jpg,130.0,130.0,match,@Lexi,1787437823787,3944,15,D23 Expo 2026 TWDCS Disney Epic Rivals Jumbo Pin Hades & Hercules LE500 IN Hand
img3944_pin16_jpg__a64abd5864a4,img3944_pin16.jpg__a64abd5864a4,img3944_pin16,img3944_pin16.jpg,thumbs/sold_ctr/img3944_pin16.jpg,175.0,175.0,match,@Lexi,1787434677265,3944,16,DEC WDCS D23 Expo 2026 Game Changers Pocahontas LE400 Disney Pin
img3944_pin17_jpg__c042bad38ff3,img3944_pin17.jpg__c042bad38ff3,img3944_pin17,img3944_pin17.jpg,thumbs/sold_ctr/img3944_pin17.jpg,110.0,110.0,match,@Lexi,1787438423285,3944,17,✅ Disney D23 Expo 2026 DEC Mike Wazowski and Squishy Pixar Stamp Pin LE500
img3944_pin22_jpg__40876d28720b,img3944_pin22.jpg__40876d28720b,img3944_pin22,img3944_pin22.jpg,thumbs/sold_ctr/img3944_pin22.jpg,115.0,115.0,match,@Lexi,1787435773655,3944,22,DEC WDCS D23 2026 Welcome Home Jumbo Roger Annita 101 Dalmatians LE Disney Pin
img3944_pin24_jpg__9cc988ab6b23,img3944_pin24.jpg__9cc988ab6b23,img3944_pin24,img3944_pin24.jpg,thumbs/sold_ctr/img3944_pin24.jpg,219.0,256.0,match,@Lexi,1787433481087,3944,24,D23 Expo 2026 TWDCS Disney Epic Rivals Jumbo Pin Ariel Little Mermaid LE500
img3944_pin26_jpg__b4b36214c625,img3944_pin26.jpg__b4b36214c625,img3944_pin26,img3944_pin26.jpg,thumbs/sold_ctr/img3944_pin26.jpg,131.0,130.0,match,@Lexi,1787438857707,3944,26,DEC WDCS D23 2026 Pixar Stamp Edna & Jack Incredibles LE 500 Disney Pin
img3944_pin27_jpg__74767215e666,img3944_pin27.jpg__74767215e666,img3944_pin27,img3944_pin27.jpg,thumbs/sold_ctr/img3944_pin27.jpg,225.0,225.0,match,@Lexi,1787438353598,3944,27,Inside Out Bing Bong Joy Dec D23 Stamp Disney Pin Limited Edition
img3944_pin28_jpg__8ff0103468e9,img3944_pin28.jpg__8ff0103468e9,img3944_pin28,img3944_pin28.jpg,thumbs/sold_ctr/img3944_pin28.jpg,78.0,80.0,match,@Lexi,1787433985217,3944,28,Disney D23 Expo 2026 WDCS Pins: The Ultimate Pixar Stamp - Arlo & Spot LE 500
img3944_pin29_jpg__4a60130ba503,img3944_pin29.jpg__4a60130ba503,img3944_pin29,img3944_pin29.jpg,thumbs/sold_ctr/img3944_pin29.jpg,115.0,120.0,match,@Lexi,1787436864071,3944,29,Disney D23 2026 WDCS Ultimate Pixar Stamp Miguel & Dante Coco LE500 Pin
img3944_pin31_jpg__4680cc6c5c2e,img3944_pin31.jpg__4680cc6c5c2e,img3944_pin31,img3944_pin31.jpg,thumbs/sold_ctr/img3944_pin31.jpg,119.0,120.0,match,@Lexi,1787434032416,3944,31,"Disney D23 Expo 2026  , Hank & Dory , Stamp Pin LE 500 , WDCD , Finding Nemo"
img3944_pin32_jpg__51463837e5f5,img3944_pin32.jpg__51463837e5f5,img3944_pin32,img3944_pin32.jpg,thumbs/sold_ctr/img3944_pin32.jpg,115.0,115.0,match,@Lexi,1787432819593,3944,32,DEC WDCS D23 2026 Welcome Home Jumbo White Rabbit House LE 400 Disney Pin
img3944_pin33_jpg__0395dd8dfecb,img3944_pin33.jpg__0395dd8dfecb,img3944_pin33,img3944_pin33.jpg,thumbs/sold_ctr/img3944_pin33.jpg,130.0,130.0,match,@Lexi,1787433438321,3944,33,D23 Expo 2026 TWDCS Disney Epic Rivals Jumbo Pin Alice Cheshire Cat LE500
img3944_pin36_jpg__8b12356eba98,img3944_pin36.jpg__8b12356eba98,img3944_pin36,img3944_pin36.jpg,thumbs/sold_ctr/img3944_pin36.jpg,120.0,130.0,match,@Lexi,1787437778822,3944,36,✅ Disney D23 Expo 2026 DEC Carl and Dug Pixar Stamp Pin LE500
img3944_pin37_jpg__62fa1b5c04d6,img3944_pin37.jpg__62fa1b5c04d6,img3944_pin37,img3944_pin37.jpg,thumbs/sold_ctr/img3944_pin37.jpg,170.0,160.0,match,@Lexi,1787432636250,3944,37,Disney D23 Expo 2026 DEC TWDCS Welcome Home Tinkerbell Pixie Hollow LE 400 Pin
img3944_pin38_jpg__5bc40b728093,img3944_pin38.jpg__5bc40b728093,img3944_pin38,img3944_pin38.jpg,thumbs/sold_ctr/img3944_pin38.jpg,135.0,135.0,match,@Lexi,1787437886318,3944,38,DEC WDCS D23 2026 Pixar Stamp Luca & Alberto 2021 LE 500 Disney Pin
img3944_pin39_jpg__140d69cc82e7,img3944_pin39.jpg__140d69cc82e7,img3944_pin39,img3944_pin39.jpg,thumbs/sold_ctr/img3944_pin39.jpg,80.0,90.0,match,@Lexi,1787438059128,3944,39,✅ Disney D23 Expo 2026 DEC Barley and Ian Pixar Stamp Pin LE500
img3944_pin40_jpg__0f8f1e26e4a9,img3944_pin40.jpg__0f8f1e26e4a9,img3944_pin40,img3944_pin40.jpg,thumbs/sold_ctr/img3944_pin40.jpg,85.0,85.0,match,@Lexi,1787433721300,3944,40,Disney D23 Expo 2026 WDCS Bonnie & Forkie Pixar Stamp Pin LE 500 Toy Story
img3944_pin41_jpg__7f7390ab3ea0,img3944_pin41.jpg__7f7390ab3ea0,img3944_pin41,img3944_pin41.jpg,thumbs/sold_ctr/img3944_pin41.jpg,85.0,90.0,match,@Lexi,1787438662646,3944,41,Disney D23 Expo 2026 WDCS Ultimate Pixar Stamp Pin Joe & 22 LE 500 Soul
img3944_pin43_jpg__b64944d6befc,img3944_pin43.jpg__b64944d6befc,img3944_pin43,img3944_pin43.jpg,thumbs/sold_ctr/img3944_pin43.jpg,75.0,75.0,match,@Lexi,1787437076846,3944,43,Disney D23 Expo 2026 Pixar Stamp Elio Pin TWDCS DEC
img3944_pin47_jpg__203b2e5ee92b,img3944_pin47.jpg__203b2e5ee92b,img3944_pin47,img3944_pin47.jpg,thumbs/sold_ctr/img3944_pin47.jpg,525.0,520.0,match,@Lexi,1787438177158,3944,47,Disney D23 Expo 2026 DEC Elemental Ember Wade Pixar Ultimate Stamp Pin LE 500
img3944_pin48_jpg__867dca75901d,img3944_pin48.jpg__867dca75901d,img3944_pin48,img3944_pin48.jpg,thumbs/sold_ctr/img3944_pin48.jpg,115.0,115.0,match,@Lexi,1787437439326,3944,48,Disney D23 Expo 2026 DEC WDCS Turning Red Meilin & Ming Pixar Stamp LE 500 Pin
img3944_pin49_jpg__44a88cb717cb,img3944_pin49.jpg__44a88cb717cb,img3944_pin49,img3944_pin49.jpg,thumbs/sold_ctr/img3944_pin49.jpg,129.0,129.0,match,@Lexi,1787437819717,3944,49,D23 2026 TWDCS Disney Epic Rivals Jumbo Pin - Lucifer LE500
img3949_pin02_jpg__e537ff8aeaee,img3949_pin02.jpg__e537ff8aeaee,img3949_pin02,img3949_pin02.jpg,thumbs/sold_ctr/img3949_pin02.jpg,125.0,125.0,match,@Lexi,1787434364103,3949,2,TWDC D23 2026 Wreck-it Ralph & Vanellope The Ultimate Disney Stamp LE 500
img3949_pin03_jpg__4ac854516b9c,img3949_pin03.jpg__4ac854516b9c,img3949_pin03,img3949_pin03.jpg,thumbs/sold_ctr/img3949_pin03.jpg,110.0,110.0,match,@Lexi,1787434766496,3949,3,DEC WDCS D23 2026 Ultimate Stamp Valentino Star Wish 2023 LE 500 Disney Pin
img3949_pin09_jpg__820957db9f1f,img3949_pin09.jpg__820957db9f1f,img3949_pin09,img3949_pin09.jpg,thumbs/sold_ctr/img3949_pin09.jpg,105.0,100.0,match,@Lexi,1787432044539,3949,9,D23 2026 TWDC DEC Reel Of Magic Tarzan Pin Le500
img3952_pin01_jpg__57d4741abed3,img3952_pin01.jpg__57d4741abed3,img3952_pin01,img3952_pin01.jpg,thumbs/sold_ctr/img3952_pin01.jpg,244.0,245.0,match,@Lexi,1787428451296,3952,1,Disney D23 Expo 2026 WDCS Pins: Water Element - Wade LE 400
img3952_pin02_jpg__ff4f12b2cb91,img3952_pin02.jpg__ff4f12b2cb91,img3952_pin02,img3952_pin02.jpg,thumbs/sold_ctr/img3952_pin02.jpg,280.0,280.0,match,@Lexi,1787436379128,3952,2,Yzma Catastrophe D23 Dec Disney Pin Limited Edition 400
img3952_pin03_jpg__a8f93e9ae77f,img3952_pin03.jpg__a8f93e9ae77f,img3952_pin03,img3952_pin03.jpg,thumbs/sold_ctr/img3952_pin03.jpg,130.0,84.0,match,@Lexi,1787436180657,3952,3,D23 Expo 2026 TWDCS Catastrophe Mr Mittens LE 400 Pin
img3952_pin04_jpg__d695d9f779a3,img3952_pin04.jpg__d695d9f779a3,img3952_pin04,img3952_pin04.jpg,thumbs/sold_ctr/img3952_pin04.jpg,300.0,300.0,match,@Lexi,1787436106644,3952,4,Disney D23 Expo 2026 WDCS Pins: Water Element Sorcerer's Apprentice Mickey LE400
img3952_pin06_jpg__94f1d8eeb0cb,img3952_pin06.jpg__94f1d8eeb0cb,img3952_pin06,img3952_pin06.jpg,thumbs/sold_ctr/img3952_pin06.jpg,105.0,120.0,match,@Lexi,1787433066247,3952,6,✅Disney DEC TWDCS D23 Expo 2026 Elements of Nature Baby Moana LE400 Pin
img3952_pin07_jpg__301b8ca77f2d,img3952_pin07.jpg__301b8ca77f2d,img3952_pin07,img3952_pin07.jpg,thumbs/sold_ctr/img3952_pin07.jpg,111.0,110.0,match,@Lexi,1787437358943,3952,7,Disney D23 Expo 2026 WDCS Pins: Water Element - Nokk & Elsa LE 400
img3952_pin08_jpg__3f8ea4c0f72e,img3952_pin08.jpg__3f8ea4c0f72e,img3952_pin08,img3952_pin08.jpg,thumbs/sold_ctr/img3952_pin08.jpg,200.0,200.0,match,@Lexi,1787436541235,3952,8,Disney D23 Expo 2026 WDCS Pins: Cat-astrophe - Mochi LE 400
img3952_pin09_jpg__1bf99680d905,img3952_pin09.jpg__1bf99680d905,img3952_pin09,img3952_pin09.jpg,thumbs/sold_ctr/img3952_pin09.jpg,178.0,202.0,match,@Lexi,1787436416043,3952,9,D23 Expo 2026 TWDCS Catastrophe Cheshire LE 400 Pin
img3952_pin11_jpg__2e54238be604,img3952_pin11.jpg__2e54238be604,img3952_pin11,img3952_pin11.jpg,thumbs/sold_ctr/img3952_pin11.jpg,100.0,160.0,match,@Lexi,1787433032207,3952,11,Disney D23 Expo 2026 Elements of Nature Lion King Simba Timon & Pumbaa LE400 Pin
img3952_pin13_jpg__64859fb537d2,img3952_pin13.jpg__64859fb537d2,img3952_pin13,img3952_pin13.jpg,thumbs/sold_ctr/img3952_pin13.jpg,100.0,100.0,match,@Lexi,1787426546924,3952,13,Disney D23 Expo 2026 WDCS Pins: Earth Element - Te Fiti LE 400
img3952_pin16_jpg__ca94ee365720,img3952_pin16.jpg__ca94ee365720,img3952_pin16,img3952_pin16.jpg,thumbs/sold_ctr/img3952_pin16.jpg,100.0,100.0,match,@Lexi,1787426526948,3952,16,Disney TWDCS D23 Expo 2026 Elements of Nature Lion King Simba & Mufasa LE400 Pin
img3952_pin17_jpg__cf31380a475e,img3952_pin17.jpg__cf31380a475e,img3952_pin17,img3952_pin17.jpg,thumbs/sold_ctr/img3952_pin17.jpg,89.0,100.0,match,@Lexi,1787428158541,3952,17,Disney D23 Expo 2026 WDCS Pins: Earth Element - Sprite LE 400
img3952_pin24_jpg__4b8439c1eeeb,img3952_pin24.jpg__4b8439c1eeeb,img3952_pin24,img3952_pin24.jpg,thumbs/sold_ctr/img3952_pin24.jpg,120.0,125.0,match,@Lexi,1787431175245,3952,24,Disney D23 Expo 2026 WDCS Pins: Table for One - Prince John LE 400
img3952_pin25_jpg__fa6b881ccd9c,img3952_pin25.jpg__fa6b881ccd9c,img3952_pin25,img3952_pin25.jpg,thumbs/sold_ctr/img3952_pin25.jpg,200.0,206.0,match,@Lexi,1787431112300,3952,25,Disney D23 2026 DEC TWDCS Catastrophe Oliver & Co. Mustard LE 400 Pin
img3952_pin28_jpg__196384da13df,img3952_pin28.jpg__196384da13df,img3952_pin28,img3952_pin28.jpg,thumbs/sold_ctr/img3952_pin28.jpg,175.0,175.0,match,@Lexi,1787432318128,3952,28,"Disney D23 2026 Catastrophe Snowball Pin, LE 400, DEC TWDC Store"
img3952_pin29_jpg__bd7287a041c0,img3952_pin29.jpg__bd7287a041c0,img3952_pin29,img3952_pin29.jpg,thumbs/sold_ctr/img3952_pin29.jpg,325.0,300.0,match,@Lexi,1787428224766,3952,29,D23 2026 Elements of Nature Elemental Ember Pin DEC LE 400 IN HAND Fire
img3952_pin31_jpg__078865eead2f,img3952_pin31.jpg__078865eead2f,img3952_pin31,img3952_pin31.jpg,thumbs/sold_ctr/img3952_pin31.jpg,145.0,145.0,match,@Lexi,1787428652186,3952,31,D23 Expo 2026 Exclusive TWDCS Elements Of Nature Maleficent Dragon Pin LE 400
img3952_pin32_jpg__250954805c0a,img3952_pin32.jpg__250954805c0a,img3952_pin32,img3952_pin32.jpg,thumbs/sold_ctr/img3952_pin32.jpg,115.0,115.0,match,@Lexi,1787428037825,3952,32,✅Disney DEC TWDCS D23 Expo 2026 Elements of Nature Mushu LE400 Pin
img3952_pin38_jpg__5be6563d1d7a,img3952_pin38.jpg__5be6563d1d7a,img3952_pin38,img3952_pin38.jpg,thumbs/sold_ctr/img3952_pin38.jpg,150.0,150.0,match,@Lexi,1787432482928,3952,38,Disney TWDCS D23 Expo 2026 Elements of Nature Winnie the Pooh & Piglet LE400 Pin
img3952_pin40_jpg__473333c7a465,img3952_pin40.jpg__473333c7a465,img3952_pin40,img3952_pin40.jpg,thumbs/sold_ctr/img3952_pin40.jpg,125.0,130.0,match,@Lexi,1787433859748,3952,40,Disney D23 Expo 2026 Table For One Mother Gothel Tangled Pin TWDCS DEC Villains
img3952_pin43_jpg__cbc89689c844,img3952_pin43.jpg__cbc89689c844,img3952_pin43,img3952_pin43.jpg,thumbs/sold_ctr/img3952_pin43.jpg,150.0,150.0,match,@Lexi,1787432856546,3952,43,DEC WDCS D23 2026 Table For One Yzma Emperor's New Groove LE 400 Disney Pin
img3952_pin46_jpg__688bdf70a817,img3952_pin46.jpg__688bdf70a817,img3952_pin46,img3952_pin46.jpg,thumbs/sold_ctr/img3952_pin46.jpg,133.0,130.0,match,@Lexi,1787436139657,3952,46,Disney D23 Expo 2026 WDCS Pins: Table for One - Ursula LE 400
img3952_pin47_jpg__0a59dbd93ffc,img3952_pin47.jpg__0a59dbd93ffc,img3952_pin47,img3952_pin47.jpg,thumbs/sold_ctr/img3952_pin47.jpg,140.0,145.0,match,@Lexi,1787436257596,3952,47,"Disney D23 2026 Table for One Maleficent Pin, LE 400 DEC TWDCS"
img3952_pin49_jpg__8b9bab01a857,img3952_pin49.jpg__8b9bab01a857,img3952_pin49,img3952_pin49.jpg,thumbs/sold_ctr/img3952_pin49.jpg,140.0,140.0,match,@Lexi,1787434643459,3952,49,Disney D23 2026 DEC TWDCS Table For One Captain Hook Peter Pan LE 400 Pin
img3952_pin50_jpg__978cbce88ac9,img3952_pin50.jpg__978cbce88ac9,img3952_pin50,img3952_pin50.jpg,thumbs/sold_ctr/img3952_pin50.jpg,448.0,450.0,match,@Lexi,1787430749755,3952,50,2026 D23 EXPO THE WALT DISNEY STORE TWDCS ENCHANTED GOWNS SNOW WHITE PIN /400
img3952_pin53_jpg__96a601377347,img3952_pin53.jpg__96a601377347,img3952_pin53,img3952_pin53.jpg,thumbs/sold_ctr/img3952_pin53.jpg,450.0,450.0,match,@Lexi,1787431303959,3952,53,Disney D23 Expo 2026 WDCS Pins: Enchanted Gowns - Jasmine LE 400
img3952_pin57_jpg__9d45e3a00dff,img3952_pin57.jpg__9d45e3a00dff,img3952_pin57,img3952_pin57.jpg,thumbs/sold_ctr/img3952_pin57.jpg,150.0,150.0,match,@Lexi,1787436728252,3952,57,Disney D23 Expo 2026 WDCS Pins: Table for One - Evil Queen LE 400
img3952_pin59_jpg__5858146fbeb3,img3952_pin59.jpg__5858146fbeb3,img3952_pin59,img3952_pin59.jpg,thumbs/sold_ctr/img3952_pin59.jpg,125.0,125.0,match,@Lexi,1787436449483,3952,59,Table For One Hades Pin D23 Expo
img3954_pin01_jpg__1fe71bb41b6f,img3954_pin01.jpg__1fe71bb41b6f,img3954_pin01,img3954_pin01.jpg,thumbs/sold_ctr/img3954_pin01.jpg,100.0,100.0,match,@Lexi,1787424362656,3954,1,Disney D23 Expo 2026 MOG Park Stamps Series 2 - ROSITA LE 400
img3954_pin04_jpg__ffb3c7b55d81,img3954_pin04.jpg__ffb3c7b55d81,img3954_pin04,img3954_pin04.jpg,thumbs/sold_ctr/img3954_pin04.jpg,150.0,150.0,match,@Lexi,1787423963156,3954,4,Disney Pins D23 2026 WDI MOG LE 400 Chuuby Stamp
img3954_pin05_jpg__a35f4d073de9,img3954_pin05.jpg__a35f4d073de9,img3954_pin05,img3954_pin05.jpg,thumbs/sold_ctr/img3954_pin05.jpg,88.0,90.0,match,@Lexi,1787424474942,3954,5,Disney D23 2026 WDI MOG Park Stamps Series 2 Tom Morrow 2.0 LE 400 Pin
img3954_pin08_jpg__acb698d1a4f6,img3954_pin08.jpg__acb698d1a4f6,img3954_pin08,img3954_pin08.jpg,thumbs/sold_ctr/img3954_pin08.jpg,145.0,145.0,match,@Lexi,1787425191069,3954,8,Disney D23 Expo 2026 MOG Attraction Pins - BIG THUNDER MOUNTAIN RAILROAD LE 400
img3954_pin09_jpg__5132073674af,img3954_pin09.jpg__5132073674af,img3954_pin09,img3954_pin09.jpg,thumbs/sold_ctr/img3954_pin09.jpg,150.0,150.0,match,@Lexi,1787425481616,3954,9,D23 2026 WDI MOG Disney Attraction Panoramas Pirates Of The Caribbean  LE400
img3954_pin10_jpg__ede1724417ff,img3954_pin10.jpg__ede1724417ff,img3954_pin10,img3954_pin10.jpg,thumbs/sold_ctr/img3954_pin10.jpg,120.0,140.0,match,@Lexi,1787424189930,3954,10,D23 WDI 2026 Jingles Stamp LE 400
img3954_pin11_jpg__5702d022da25,img3954_pin11.jpg__5702d022da25,img3954_pin11,img3954_pin11.jpg,thumbs/sold_ctr/img3954_pin11.jpg,325.0,345.0,match,@Lexi,1787424767282,3954,11,Disney D23 Expo 2026 MOG Park Stamps Series 2 - ARIEL LE 400
img3954_pin12_jpg__ce7ab84bb666,img3954_pin12.jpg__ce7ab84bb666,img3954_pin12,img3954_pin12.jpg,thumbs/sold_ctr/img3954_pin12.jpg,119.0,120.0,match,@Lexi,1787423552734,3954,12,D23 2026 MOG Disney Park Stamps Series 2 Dumbo LE 400
img3954_pin13_jpg__e2c9539be645,img3954_pin13.jpg__e2c9539be645,img3954_pin13,img3954_pin13.jpg,thumbs/sold_ctr/img3954_pin13.jpg,125.0,125.0,match,@Lexi,1787425027339,3954,13,Disney D23 Expo 2026 MOG Park Stamps Series 2 - TEDDI BARRA LE 400
img3954_pin14_jpg__414436d593ad,img3954_pin14.jpg__414436d593ad,img3954_pin14,img3954_pin14.jpg,thumbs/sold_ctr/img3954_pin14.jpg,78.0,80.0,match,@Lexi,1787434496189,3954,14,Disney D23 Expo 2026 MOG Park Stamps Series 2 - THE DAPPER DANS LE 400
img3954_pin15_jpg__2aa4d0d9efb9,img3954_pin15.jpg__2aa4d0d9efb9,img3954_pin15,img3954_pin15.jpg,thumbs/sold_ctr/img3954_pin15.jpg,290.0,290.0,match,@Lexi,1787425437797,3954,15,WDI MOG D23 2026 Disney Attraction Panoramas Haunted Mansion LE400 Pin
img3954_pin16_jpg__9b2ef0e92027,img3954_pin16.jpg__9b2ef0e92027,img3954_pin16,img3954_pin16.jpg,thumbs/sold_ctr/img3954_pin16.jpg,145.0,170.0,match,@Lexi,1787425652535,3954,16,D23 2026 MOG Disney Attraction Panoramas Peter Pan's Flight LE400
img3954_pin17_jpg__11d9dac94cdc,img3954_pin17.jpg__11d9dac94cdc,img3954_pin17,img3954_pin17.jpg,thumbs/sold_ctr/img3954_pin17.jpg,145.0,150.0,match,@Lexi,1787425561818,3954,17,D23 2026 MOG Disney Attraction Panoramas Jungle Cruise
img3954_pin19_jpg__0cb9092b80be,img3954_pin19.jpg__0cb9092b80be,img3954_pin19,img3954_pin19.jpg,thumbs/sold_ctr/img3954_pin19.jpg,170.0,170.0,match,@Lexi,1787424097949,3954,19,Disney Pins D23 2026 WDI MOG LE 400 Sonny Eclipse Stamp
img3954_pin23_jpg__470b01d2823f,img3954_pin23.jpg__470b01d2823f,img3954_pin23,img3954_pin23.jpg,thumbs/sold_ctr/img3954_pin23.jpg,375.0,375.0,match,@Lexi,1787434795051,3954,23,Disney D23 Expo 2026 MOG Disney Parks Stamps Series 2 Winnie The Pooh Pin LE 400
img3954_pin29_jpg__5d328a0e3134,img3954_pin29.jpg__5d328a0e3134,img3954_pin29,img3954_pin29.jpg,thumbs/sold_ctr/img3954_pin29.jpg,150.0,150.0,match,@Lexi,1787434254830,3954,29,Magic Kingdom - 2026 D23 Expo Mickey’s of Glendale Around The World with Disney
img3956_pin06_jpg__bcc1250f5679,img3956_pin06.jpg__bcc1250f5679,img3956_pin06,img3956_pin06.jpg,thumbs/sold_ctr/img3956_pin06.jpg,189.0,190.0,match,@Lexi,1787442493601,3956,6,2026 Disney DSSH PIN Duos Series Hercules & Megara LE 400 D23
img3956_pin07_jpg__f21a1cf87835,img3956_pin07.jpg__f21a1cf87835,img3956_pin07,img3956_pin07.jpg,thumbs/sold_ctr/img3956_pin07.jpg,160.0,160.0,match,@Lexi,1787442877017,3956,7,"Disney Studio Store Hollywood Maui and Moana Limited Edition Pin Set, Disney D23"
img3956_pin09_jpg__778ec500e33b,img3956_pin09.jpg__778ec500e33b,img3956_pin09,img3956_pin09.jpg,thumbs/sold_ctr/img3956_pin09.jpg,270.0,250.0,match,@Lexi,1787442588210,3956,9,2026 Disney DSSH PIN Duos Series Big Hero 6 Baymax Mochi Hiro LE 400 D23
img3956_pin12_jpg__466a7f4a6883,img3956_pin12.jpg__466a7f4a6883,img3956_pin12,img3956_pin12.jpg,thumbs/sold_ctr/img3956_pin12.jpg,125.0,125.0,match,@Lexi,1787443352642,3956,12,2026 Disney DSSH PIN Unlocking The Magic Lilo & Stitch LE 400 D23
img3956_pin15_jpg__0477030b9be6,img3956_pin15.jpg__0477030b9be6,img3956_pin15,img3956_pin15.jpg,thumbs/sold_ctr/img3956_pin15.jpg,191.0,190.0,match,@Lexi,1787442727434,3956,15,Robin Hood & Little John DSSH Duo Series D23 2026 LE 400 Pin
img3956_pin17_jpg__9b6b70267731,img3956_pin17.jpg__9b6b70267731,img3956_pin17,img3956_pin17.jpg,thumbs/sold_ctr/img3956_pin17.jpg,219.0,220.0,match,@Lexi,1787442686142,3956,17,Disney D23 DSSH DUOS SERIES The Little Mermaid Le 400 Pin
img3956_pin19_jpg__95e117f77cfc,img3956_pin19.jpg__95e117f77cfc,img3956_pin19,img3956_pin19.jpg,thumbs/sold_ctr/img3956_pin19.jpg,175.0,175.0,match,@Lexi,1787442517988,3956,19,Disney D23 DSSH DUOS SERIES Goofy & Max  Le 400 Pin
img3956_pin21_jpg__e649a9e082a9,img3956_pin21.jpg__e649a9e082a9,img3956_pin21,img3956_pin21.jpg,thumbs/sold_ctr/img3956_pin21.jpg,115.0,115.0,match,@Lexi,1787443255299,3956,21,D23 2026 Exclusive DSSH DSF LE 400 Pin Unlocking the Magic DUMBO
img3956_pin22_jpg__c5999ed7fcff,img3956_pin22.jpg__c5999ed7fcff,img3956_pin22,img3956_pin22.jpg,thumbs/sold_ctr/img3956_pin22.jpg,180.0,180.0,match,@Lexi,1787443109955,3956,22,Disney D23 DSSH UNLOCKING THE MAGIC Big Hero 6 PIN MOCHI
img3956_pin30_jpg__7e33d53bb8f1,img3956_pin30.jpg__7e33d53bb8f1,img3956_pin30,img3956_pin30.jpg,thumbs/sold_ctr/img3956_pin30.jpg,50.0,50.0,match,@Lexi,1787426343681,3956,30,D23 2026 - New Disney Studio Store Hollywood El Capitan Hinged Sign Pin /400
img3956_pin31_jpg__f65f1289b17f,img3956_pin31.jpg__f65f1289b17f,img3956_pin31,img3956_pin31.jpg,thumbs/sold_ctr/img3956_pin31.jpg,120.0,100.0,match,@Lexi,1787424556534,3956,31,2026 D23 Exclusive El Capitan Theater 100th Series Oswald LE 400
img3956_pin37_jpg__a8575cfd16c3,img3956_pin37.jpg__a8575cfd16c3,img3956_pin37,img3956_pin37.jpg,thumbs/sold_ctr/img3956_pin37.jpg,100.0,100.0,match,@Lexi,1787423360282,3956,37,D23 2026 DSSH Vinyl Record Series Fantasia Sorcerer Mickey Pin LE 400
img3956_pin41_jpg__5168f4a652ed,img3956_pin41.jpg__5168f4a652ed,img3956_pin41,img3956_pin41.jpg,thumbs/sold_ctr/img3956_pin41.jpg,100.0,100.0,match,@Lexi,1787425886913,3956,41,2026 Disney D23 DSSH El Capitan Theatre 100th Judy Hopps Zootopia LE 400 pin
img3960_pin01_jpg__b77134f90e70,img3960_pin01.jpg__b77134f90e70,img3960_pin01,img3960_pin01.jpg,thumbs/sold_ctr/img3960_pin01.jpg,90.0,90.0,match,@Lexi,1787442377850,3960,1,D23 Limited Edition Lights Up Muppets Pin Beyond the Magic 2026 Rare Sold Out
img3960_pin02_jpg__406970b66aee,img3960_pin02.jpg__406970b66aee,img3960_pin02,img3960_pin02.jpg,thumbs/sold_ctr/img3960_pin02.jpg,190.0,190.0,match,@Lexi,1787443070489,3960,2,D23 2026 Disney Beyond The Magic Sounds Of The Parks Record Pin LE750 Cinderella
img3960_pin03_jpg__629a9e132fb8,img3960_pin03.jpg__629a9e132fb8,img3960_pin03,img3960_pin03.jpg,thumbs/sold_ctr/img3960_pin03.jpg,150.0,151.0,match,@Lexi,1787442233534,3960,3,D23 Disney Beyond The Magic Sounds Of The Parks Record Pin LE750 Fantasia
img3960_pin05_jpg__870568a8c4c7,img3960_pin05.jpg__870568a8c4c7,img3960_pin05,img3960_pin05.jpg,thumbs/sold_ctr/img3960_pin05.jpg,160.0,160.0,match,@Lexi,1787442245078,3960,5,D23  Beyond The Magic Sounds Of The Parks Record Pin LE750 Opening Dedication
img3971_pin03_jpg__3105ad7c47e0,img3971_pin03.jpg__3105ad7c47e0,img3971_pin03,img3971_pin03.jpg,thumbs/sold_ctr/img3971_pin03.jpg,180.0,180.0,match,@Lexi,1787445539171,3971,3,D23 Expo 2026 Disney Showcase Jumbo Pin Showcase Mickey Stitch Tinkerbell
img3982_pin06_jpg__3ab147798c11,img3982_pin06.jpg__3ab147798c11,img3982_pin06,img3982_pin06.jpg,thumbs/sold_ctr/img3982_pin06.jpg,35.0,18.0,match,@Lexi,1787446939229,3982,6,"Disney WDI MOG, WALT DISNEY IMAGINEERING ""SORCERER MICKEY"" Large Enamel Pin 2025"
img3982_pin07_jpg__7184f5103deb,img3982_pin07.jpg__7184f5103deb,img3982_pin07,img3982_pin07.jpg,thumbs/sold_ctr/img3982_pin07.jpg,15.0,21.0,match,@Lexi,1787446807601,3982,7,Disney WDI MOG WALT DISNEY IMAGINEERING SORCERER MICKEY PEWTER Small Pin 2025
img3982_pin12_jpg__5c3a7202db85,img3982_pin12.jpg__5c3a7202db85,img3982_pin12,img3982_pin12.jpg,thumbs/sold_ctr/img3982_pin12.jpg,18.0,22.0,match,@Lexi,1787446707301,3982,12,DISNEY PIN MOG THE MUPPETS STUDIO EXCLUSIVE KERMIT THE FROG WDI
img3982_pin16_jpg__a0dd4e5d0f64,img3982_pin16.jpg__a0dd4e5d0f64,img3982_pin16,img3982_pin16.jpg,thumbs/sold_ctr/img3982_pin16.jpg,23.0,25.0,match,@Lexi,1787446748576,3982,16,2026 Disney D23 MOG Mickeys Glendale The Muppets Rizzo The Rat Pin
img3982_pin17_jpg__a6f8bb7cd935,img3982_pin17.jpg__a6f8bb7cd935,img3982_pin17,img3982_pin17.jpg,thumbs/sold_ctr/img3982_pin17.jpg,50.0,30.0,match,@Lexi,1787446235870,3982,17,2026 Disney WDI MOG D23 Pin The Muppets Bean Bunny
img3982_pin18_jpg__ba827d89ae38,img3982_pin18.jpg__ba827d89ae38,img3982_pin18,img3982_pin18.jpg,thumbs/sold_ctr/img3982_pin18.jpg,24.0,25.0,match,@Lexi,1787446999565,3982,18,Walt Disney Imagineering 2025 Sorcerer Mickey Pin WDI Fantasia MOG LR Small New
